sample,cultivar,density_start,density_end,mean_percent_damage,twister_damage,1-Hexanol,"1-Hexanol, 2-ethyl-",1-Nonanol,1-Octanol,"1,2-Cyclopentanedione","1,2,4-Trimethylbenzene","10,18-Bisnorabieta-8,11,13-triene",118,13 (DCSE),145,151,168,197,"1H-Pyrrole, 2-methyl-",2 (DCSE),"2-Butenal, 3-methyl-",2-Cyclohexen-1-ol,2-Cyclopenten-1-one,"2-Cyclopenten-1-one, 2-hydroxy-","2-Cyclopentene-1,4-dione",2-Furanmethanol,2-Hydroxy-gamma-butyrolactone,2-Methoxy-4-vinylphenol,"2-Octen-1-ol, (E)-","2-Propenoic acid, 2-methyl-, butyl ester","2-Pyrrolidinone, 1-methyl-",2(5H)-Furanone,22 (DCSE),24,"2H-Pyran, 2-ethenyltetrahydro-2,6,6-trimethyl-","3-Penten-2-one, 4-methyl-","3,7-Octadiene-2,6-diol, 2,6-dimethyl-",4-Cyanocyclohexene,4-Methylbiphenyl,5 (DCSE),5-methylfurfural,"5,9-Undecadien-2-one, 6,10-dimethyl-, (E)-",60,68,79,9 (DCSE),90,Acetophenone,alpha-Terpineol,Anthracene,Benzaldehyde,Benzeneacetaldehyde,Benzenecarboxylic acid,"Benzofuran, 2,3-dihydro-","Benzoic acid, 2-ethylhexyl ester","Benzoic acid, 4-ethoxy-, ethyl ester",Benzothiazole,Benzyl Alcohol,Benzyl Benzoate,Benzyl nitrile,beta-Pinene,"Bicyclo[3.1.1]heptan-2-one, 6,6-dimethyl-",Butanoic acid,"Butanoic acid, 3-hexenyl ester, (Z)-",Butanoic acid<2-methyl->,Butylated Hydroxytoluene,Butyrolactone,Cadinene<delta->,Cadinene<gamma->,Caprolactam,Caryophyllene<E->,Cedr-8-ene,Cedrol,cis-3-Hexenyl isovalerate,cis-Linalool oxide (furanoid),"Cyclohexanone, 3,3,5-trimethyl-",Cyclopentanone,Cymenene<para->,Decanal,Dodecanal,Dodecanoic acid,Dodecanol<N->,"Ethanol, 2-phenoxy-",Ethyl benzoate,Ethyl hexanoic acid<2->,Ethylbenzene,"Farnesene<(E,E)-alpha->",Fokienol,"Formamide, N,N-dibutyl-","Formamide, N,N-diethyl-",Furfural,gamma-Nonalactone,Heptanal,Heptanoic acid,"Heptanol<2,6-dimethyl-2->",Heptanol<N->,Heptanone<2->,Hepten-2-one<6-methyl-5->,Hexadecanol<N->,Hexanal,Hexanoic acid,Hexenol<2Z->,Hexenyl acetate<2E->,Hexenyl acetate<3Z->,Hexenyl hexenoate<3Z->,Homomenthyl salicylate,Indole,Isopropyl hexadecanoate,Isopropyl tetradecanoate,Isovaleric acid,Levoglucosenone,Limonene,Linalool,Linalool oxide<cis->(pyanoid),Linalool oxide<dehydroxy-trans->,Linalool oxide<trans->(pyranoid),Longifolene,Menthol,Methenamine,Methyl dihydrojasmonate<cis->,Methyl pyruvate,Methyl salicylate,Myrcene,n-Decanoic acid,n-Hexadecanoic acid,Naphthalene,Nonanal<N->,Nonanoic acid,o-Hydroxybiphenyl,Ocimene<(E)-beta->,Ocimene<(Z)-beta->,Ocimene<allo->,Octadecanol<N->,Octanal,"Octane, 4-methyl-",Octanoic acid,Octen-3-ol<1->,Octen-3-one<1->,p-Xylene,"Pentane, 1-nitro-",Pentanoic acid,Pentyl furan<2->,Phenol,"Phenol, 2,4-bis(1,1-dimethylethyl)-","Phenol, p-tert-butyl-",Phenylethyl acetate,Phenylethyl Alcohol,Pinene<alpha->,"Propanoic acid, 2-methyl-","Propanoic acid, 2-methyl-, 3-hydroxy-2,4,4-trimethylpentyl ester",Salicylate<2-ethylhexyl->,Styrene,Terpinen-4-ol,Terpinene<gamma->,Tetradecanoic acid,Tetradecanol<N->,trans-?-Bergamotene,trans-Linalool oxide (furanoid),Undecanal,Vanillin
Q1,Q,2,0.7692307692307693,3.4539115579020025,2.408706826943854,3.4347290007147655e-4,0.031536911280078274,3.4347290007147655e-4,3.4347290007147655e-4,3.4347290007147655e-4,4.8157951768840104e-4,3.4347290007147655e-4,3.4347290007147655e-4,0.0019531228248548301,3.4347290007147655e-4,3.4347290007147655e-4,0.06571985576835135,0.0037628923985696307,0.003994726249950827,3.4347290007147655e-4,3.4347290007147655e-4,5.292747565717338e-4,3.4347290007147655e-4,3.4347290007147655e-4,0.0064566062499280315,3.4347290007147655e-4,3.4347290007147655e-4,3.4347290007147655e-4,3.4347290007147655e-4,0.007176619149211753,3.4347290007147655e-4,0.00367119819234462,0.04868206680419434,0.003931784090688702,7.752107681022464e-4,3.4347290007147655e-4,0.0017427525779982432,0.01549255152588723,3.4347290007147655e-4,3.4347290007147655e-4,3.4347290007147655e-4,3.4347290007147655e-4,3.4347290007147655e-4,3.4347290007147655e-4,3.4347290007147655e-4,3.4347290007147655e-4,3.4347290007147655e-4,0.19681458856159348,3.4347290007147655e-4,3.4347290007147655e-4,0.0019308427428157485,3.4347290007147655e-4,3.4347290007147655e-4,0.0016867010260484608,3.4347290007147655e-4,3.4347290007147655e-4,0.019319332423401444,0.005446034517697113,3.4347290007147655e-4,3.4347290007147655e-4,3.4347290007147655e-4,3.4347290007147655e-4,0.09824075608899546,3.4347290007147655e-4,0.002508272129771248,0.024011572218153095,7.745294197246538e-4,0.0014640869441625054,0.0031811261284199906,0.0015293387767247755,3.4347290007147655e-4,3.4347290007147655e-4,3.4347290007147655e-4,3.4347290007147655e-4,3.4347290007147655e-4,0.11052674043948137,0.002362259773394531,3.4347290007147655e-4,3.4347290007147655e-4,3.4347290007147655e-4,0.1250735033424126,0.0037441062590612556,0.005297444811961714,3.4347290007147655e-4,0.10655695109270424,0.006867823561477242,1.1341146792806116,0.010255752527145764,0.0010040104394272928,3.4347290007147655e-4,0.011363742486318398,3.4347290007147655e-4,3.4347290007147655e-4,0.243237521354599,3.4347290007147655e-4,0.001161269679309149,3.4347290007147655e-4,0.01837639147437601,0.0050061254578437,1.9583252168588194e-5,0.2996727440431096,0.008835768087183121,3.4347290007147655e-4,3.4347290007147655e-4,3.4347290007147655e-4,3.4347290007147655e-4,0.0024811786005950534,0.0026453026641339522,3.4347290007147655e-4,0.00835021131171386,0.028105275066117732,3.4347290007147655e-4,2.1546557399685327e-4,6.610714799190054e-4,0.0017136939800642455,3.4347290007147655e-4,3.4347290007147655e-4,3.4347290007147655e-4,3.4347290007147655e-4,0.006779957550493269,3.4347290007147655e-4,3.4347290007147655e-4,0.00680867081004173,0.012878030269733998,0.15757365001545898,3.4347290007147655e-4,0.026264059358545394,0.07083052310420962,0.043326372001596766,0.5294298084004857,0.009909382077157068,0.012796191086126552,0.012849491528493785,3.4347290007147655e-4,0.0014647807025261633,0.03538042592957238,3.4347290007147655e-4,0.0042662105026423855,0.011068766699598043,3.4347290007147655e-4,0.14819071324304567,0.0035029182092914737,0.010031943703976922,0.02023995810221358,3.4347290007147655e-4,3.4347290007147655e-4,0.009524996402593544,3.4347290007147655e-4,3.4347290007147655e-4,0.2737857274760759,3.4347290007147655e-4,3.4347290007147655e-4,0.0022433485953398673,0.0046429241219125865,0.007206866011362832,0.0051915330155179445,0.009126047477067536,3.4347290007147655e-4,3.4347290007147655e-4,9.96489073253762e-4
Q10,Q,1.5,0.125,2.3432238572962536,0.9025967115415314,3.25052660790164e-4,0.0015606632527866704,0.00236168344795604,0.006540992676890749,3.25052660790164e-4,3.25052660790164e-4,3.25052660790164e-4,3.25052660790164e-4,0.011453529588649274,0.0030873518161943156,3.25052660790164e-4,0.0799058519096372,3.25052660790164e-4,0.002599951197286417,3.25052660790164e-4,3.25052660790164e-4,3.25052660790164e-4,3.25052660790164e-4,3.25052660790164e-4,3.25052660790164e-4,3.25052660790164e-4,3.25052660790164e-4,2.334257501136126e-4,0.0020703241928048495,0.001754981706802463,0.004522490254865751,3.25052660790164e-4,3.25052660790164e-4,0.0010484866121181517,3.25052660790164e-4,3.25052660790164e-4,3.25052660790164e-4,0.007254893401115851,3.25052660790164e-4,3.25052660790164e-4,1.334474927794588e-4,0.0024868301034382673,0.001821214961823407,3.25052660790164e-4,5.794896590521968e-4,0.003540559135154379,3.25052660790164e-4,0.14050862958327107,3.25052660790164e-4,3.25052660790164e-4,2.7723747751447897e-5,0.0025952140330244822,3.25052660790164e-4,3.25052660790164e-4,2.09995489210784e-4,3.25052660790164e-4,0.01665635777583849,0.0016088318919479131,3.25052660790164e-4,3.25052660790164e-4,3.25052660790164e-4,3.25052660790164e-4,3.25052660790164e-4,3.25052660790164e-4,3.25052660790164e-4,0.044615020990972545,0.004914756847984255,0.002098850027570012,0.002647752204259088,3.25052660790164e-4,3.25052660790164e-4,3.25052660790164e-4,3.25052660790164e-4,3.25052660790164e-4,3.25052660790164e-4,0.08332015206871116,6.613627555202822e-4,3.25052660790164e-4,0.0030839216906714123,3.25052660790164e-4,0.044176879388231685,3.25052660790164e-4,0.003768033256897593,3.25052660790164e-4,0.01676454646399249,3.25052660790164e-4,0.004438220202052515,3.25052660790164e-4,0.012565872147689887,3.25052660790164e-4,3.25052660790164e-4,3.25052660790164e-4,0.005531128200506854,0.05586114805910465,0.007454531446435982,0.0012875439910749688,8.687737813351578e-4,0.0014315562344142819,3.25052660790164e-4,0.02841434982884767,0.08705609898688538,0.0068582848022411816,3.25052660790164e-4,0.061083635111979284,3.25052660790164e-4,3.25052660790164e-4,0.005313403682271558,3.25052660790164e-4,3.25052660790164e-4,0.0037372067934102063,3.25052660790164e-4,3.25052660790164e-4,3.25052660790164e-4,9.055016350581027e-4,3.25052660790164e-4,3.25052660790164e-4,3.25052660790164e-4,3.25052660790164e-4,3.25052660790164e-4,3.25052660790164e-4,3.25052660790164e-4,3.25052660790164e-4,0.0037918209641867465,3.25052660790164e-4,0.08649295270893746,3.25052660790164e-4,0.26062704578955476,0.12965600783186562,0.06145251406495168,0.0037507050524100433,3.25052660790164e-4,0.0010389186870477705,3.25052660790164e-4,0.012091948094084284,7.846520126262718e-4,0.1027402399885074,0.004453507499166677,0.003205810732119856,1.1975878502582752e-5,3.25052660790164e-4,0.032087307494124306,0.007089901458209813,0.004467514961818426,0.006443325488510154,3.25052660790164e-4,3.25052660790164e-4,0.013402082755551003,3.25052660790164e-4,0.0027276241440682817,0.18957828683184874,3.25052660790164e-4,3.25052660790164e-4,0.003005861095388155,3.25052660790164e-4,0.003229054088272158,3.25052660790164e-4,3.25052660790164e-4,3.25052660790164e-4,3.25052660790164e-4,3.25052660790164e-4
Q11,Q,0.5,0.3125,1.1012433262806647,0.30335856816419204,3.0610999180223414e-4,0.017704833529296,3.0610999180223414e-4,0.002636879055623275,3.0610999180223414e-4,3.0610999180223414e-4,3.0610999180223414e-4,3.0610999180223414e-4,0.02715976048764302,0.0014878751650539935,0.005433508765351674,0.010351357399458472,3.0610999180223414e-4,0.004273375066131396,3.0610999180223414e-4,3.0610999180223414e-4,3.0610999180223414e-4,3.0610999180223414e-4,3.0610999180223414e-4,0.0029593633460331635,3.0610999180223414e-4,3.0610999180223414e-4,9.330929175298831e-4,3.0610999180223414e-4,0.0016471869952714435,3.0610999180223414e-4,3.0610999180223414e-4,0.07415749580517592,0.003190651788752822,0.0016021770920471366,3.0610999180223414e-4,3.0610999180223414e-4,0.002283742714007082,3.0610999180223414e-4,3.0610999180223414e-4,0.0012729146090753448,3.0610999180223414e-4,0.001012169523943621,3.0610999180223414e-4,3.0610999180223414e-4,0.004476179678145887,3.0610999180223414e-4,0.2383403431178023,0.0022379268987297867,3.0610999180223414e-4,0.004600026652001345,8.013867181735066e-4,3.0610999180223414e-4,3.0610999180223414e-4,3.0610999180223414e-4,3.0610999180223414e-4,0.006590073453870273,0.003624538213333114,3.0610999180223414e-4,3.0610999180223414e-4,0.0035199197236241435,3.0610999180223414e-4,0.0655456129528029,7.164789760730782e-4,0.0016733144266809566,0.03553496362575641,3.0610999180223414e-4,0.003038805921442069,0.0017586432277528203,3.0610999180223414e-4,3.0610999180223414e-4,3.0610999180223414e-4,3.0610999180223414e-4,3.0610999180223414e-4,6.40308636452229e-4,3.0610999180223414e-4,0.001334812684792186,3.0610999180223414e-4,3.0610999180223414e-4,3.0610999180223414e-4,0.03187451275435821,3.0610999180223414e-4,0.0010736063989076313,3.0610999180223414e-4,2.755348145516874e-7,0.0020493883368463968,0.019163938159047125,3.0610999180223414e-4,3.0610999180223414e-4,3.0610999180223414e-4,0.011955707664899645,3.0610999180223414e-4,0.0018000620813965994,0.012857457812028298,0.004789910782685657,9.873838526462736e-4,0.0028232519886022232,0.0045829972149960384,0.0034434689005096797,0.014375054088893793,0.024964952533413215,3.0610999180223414e-4,3.0610999180223414e-4,0.001997975143122577,3.0610999180223414e-4,3.0610999180223414e-4,0.0017012848724174106,3.0610999180223414e-4,3.0610999180223414e-4,0.003472992678096814,0.005260084399184067,0.007217467024927315,0.006514020477245362,5.403651529384101e-4,3.0610999180223414e-4,3.0610999180223414e-4,3.0610999180223414e-4,3.0610999180223414e-4,3.0610999180223414e-4,0.007152382402455798,3.0610999180223414e-4,3.0610999180223414e-4,0.0022628645451494107,3.0610999180223414e-4,0.11501788201000455,3.0610999180223414e-4,0.0814258832792833,0.039083848923448045,0.05865011715460512,0.9879234754357133,0.01900622551930439,0.023100866948678286,0.005023484655487392,0.004088395587883847,0.0066330675676000185,0.03773182348756323,3.0610999180223414e-4,0.0014418708883115246,0.0019109638788633847,3.0610999180223414e-4,0.024701398974797135,3.0610999180223414e-4,0.0027429144989967492,0.004092557432549375,0.004666654173345208,3.0610999180223414e-4,0.004044669585431926,1.0580390746952467e-4,0.005657673331834976,0.20038605732523113,3.0610999180223414e-4,3.0610999180223414e-4,0.011271187236252592,0.0071016316616399275,0.00677446758297782,3.0610999180223414e-4,3.0610999180223414e-4,0.0015333631098358455,3.0610999180223414e-4,0.012902578327394101
Q12,Q,1,0.875,11.583233840162755,25.594319655902233,0.020178868241409614,3.340772072377006e-4,0.003241553458912008,0.0036480315513968183,3.340772072377006e-4,3.340772072377006e-4,0.004222919273193817,3.340772072377006e-4,0.008568229788022913,0.001853110372715241,0.003516209376985745,3.340772072377006e-4,0.03664434697925594,3.340772072377006e-4,3.340772072377006e-4,3.340772072377006e-4,3.340772072377006e-4,0.002141820974482062,3.340772072377006e-4,0.005308691062654752,3.340772072377006e-4,0.029050286319992544,0.0038981465444887244,3.340772072377006e-4,0.001412662547853629,3.340772072377006e-4,3.340772072377006e-4,0.022216690158005786,0.0015798719928525552,0.0013324791289829672,3.340772072377006e-4,0.025689307832456806,0.001228497800401773,3.340772072377006e-4,3.340772072377006e-4,0.004639478351098963,3.340772072377006e-4,3.340772072377006e-4,3.340772072377006e-4,3.340772072377006e-4,3.340772072377006e-4,3.340772072377006e-4,0.03056041201172041,3.340772072377006e-4,3.340772072377006e-4,0.013318435683218038,0.01272298169157576,3.340772072377006e-4,0.008873189010641987,3.340772072377006e-4,0.019584219717036833,0.026231101794007134,0.015126849239196537,3.340772072377006e-4,0.0022276785998280725,3.340772072377006e-4,3.340772072377006e-4,0.02913648054711801,0.03192730692442966,0.003905351342860192,0.05325176150260246,3.340772072377006e-4,0.002787765382085599,0.0031217026141168664,3.340772072377006e-4,3.340772072377006e-4,3.340772072377006e-4,3.340772072377006e-4,0.011918870411607621,0.014532782792892935,3.340772072377006e-4,1.4446761082445754e-4,3.340772072377006e-4,3.340772072377006e-4,3.340772072377006e-4,0.061648486281594514,3.340772072377006e-4,3.722400620877024e-4,3.340772072377006e-4,0.009480727224169308,0.002759099811827863,0.046378281856957054,3.8122529625109246e-4,0.01835663744784983,3.340772072377006e-4,0.01987082168906379,0.0055545721027848724,0.003294572353246209,3.340772072377006e-4,0.006436494980641087,3.340772072377006e-4,3.340772072377006e-4,0.00235427827127571,7.487011182434047e-4,0.007624606578628956,0.004602883406752356,0.029096902902136856,7.705716287052382e-4,0.020192845442690035,0.03055400365371258,3.340772072377006e-4,0.006059889708718798,3.340772072377006e-4,3.340772072377006e-4,0.010478103189262959,0.002497728402169893,3.340772072377006e-4,0.015434013976988287,0.01578185404071799,3.340772072377006e-4,0.004333795753880352,3.340772072377006e-4,3.340772072377006e-4,3.340772072377006e-4,3.340772072377006e-4,3.340772072377006e-4,3.340772072377006e-4,0.001715010886421988,0.06917154023308567,0.18292650552865825,3.340772072377006e-4,0.08482479746109037,0.02029712878689373,0.09460784688738225,0.09578617096480559,5.348008156623148e-4,0.004780928801197714,0.017027139678125768,0.0062976486913691905,3.340772072377006e-4,0.054192199201173304,0.004795185546016684,0.003195484117078205,3.340772072377006e-4,3.340772072377006e-4,0.007322290710735101,0.00676350915980356,0.0032040571457417413,0.01608547342897263,0.0029121422686768155,3.340772072377006e-4,0.07970530235737391,3.340772072377006e-4,0.0039033979269820626,0.318328148397582,3.340772072377006e-4,3.340772072377006e-4,0.0013691086060434183,7.33974305845363e-4,0.007708648559929464,3.340772072377006e-4,3.340772072377006e-4,0.010881111789916846,3.340772072377006e-4,0.012766189455883205
Q13,Q,1.5263157894736843,0.5789473684210527,4.240469480577142,20.97982921083628,0.01622695270824941,3.243376360174915e-4,0.0019077578427261416,0.001846057465194526,0.020448955214688147,1.3796181911530665e-4,3.243376360174915e-4,3.243376360174915e-4,0.00698993797657675,3.243376360174915e-4,0.003394974041612911,0.026307053781738726,0.015226219856038658,0.006198388158206665,3.243376360174915e-4,3.243376360174915e-4,3.243376360174915e-4,3.243376360174915e-4,0.020142587429930803,0.005540513865498364,0.004821584751901812,0.022936353465950875,9.544554692894263e-4,3.243376360174915e-4,3.243376360174915e-4,0.002679272880499071,0.018820947232107664,3.243376360174915e-4,0.001728851018489056,3.243376360174915e-4,0.005533991963631196,0.012379477023767781,0.006203119063815673,3.243376360174915e-4,3.243376360174915e-4,0.004144160743158531,3.243376360174915e-4,0.0024293764649326905,3.243376360174915e-4,3.1413028826444674e-4,3.243376360174915e-4,3.243376360174915e-4,0.38116675985547444,9.548632982786204e-4,3.243376360174915e-4,0.0026575155858484002,0.005963113168619593,0.0050240407619230945,0.003342623676796397,4.2340111937660095e-4,3.243376360174915e-4,0.10440075319396301,0.017371442700687682,3.243376360174915e-4,0.012310225244914713,0.0024389604826627388,3.243376360174915e-4,3.243376360174915e-4,0.009370850550979186,0.0011257939568143833,0.07339880719107039,0.007685135472156292,0.00266203263838202,0.003946335792557482,3.243376360174915e-4,3.243376360174915e-4,3.243376360174915e-4,3.243376360174915e-4,0.007269103763253713,0.001688991482937418,0.08160590338088548,0.0018242515321570604,3.243376360174915e-4,3.243376360174915e-4,3.396290801381931e-4,0.27962268202030266,3.243376360174915e-4,0.003493218174738788,0.008397237821968582,3.243376360174915e-4,0.001021248296353812,0.06721188748146502,0.0012612186961706517,0.06950483657256307,3.243376360174915e-4,0.0322391790824567,0.006605644518909393,3.243376360174915e-4,3.243376360174915e-4,0.008512268962973777,3.243376360174915e-4,2.1962132909120712e-4,0.0026614356925099905,3.243376360174915e-4,3.243376360174915e-4,3.243376360174915e-4,0.032585507890085616,7.242702665497501e-4,0.006974374599844603,0.010053983453464409,3.243376360174915e-4,0.011854774531311738,3.243376360174915e-4,9.730577903645727e-4,1.3133520655761802e-5,0.048035165923363245,3.243376360174915e-4,9.237909096484684e-5,0.004486533200074598,3.243376360174915e-4,3.243376360174915e-4,3.243376360174915e-4,3.243376360174915e-4,3.243376360174915e-4,3.243376360174915e-4,3.243376360174915e-4,0.016733849314104522,0.0028430545244793803,0.006132767052361578,0.43890646844166487,0.0014771618715456198,0.027166395617109623,0.027979500959371184,0.12735638772435326,0.07884575752132834,3.543810312417821e-4,0.004589088889151385,0.0019770015959639196,0.0025520195011686543,3.243376360174915e-4,3.243376360174915e-4,0.0022586824321612384,1.7936666168483044e-4,6.229025420953233e-4,3.243376360174915e-4,0.004361872278599417,3.243376360174915e-4,0.009627809115650752,0.02133484050438033,3.243376360174915e-4,3.243376360174915e-4,0.08940350887296368,3.243376360174915e-4,3.243376360174915e-4,0.5446537263318603,3.243376360174915e-4,3.243376360174915e-4,0.001739828164006819,3.243376360174915e-4,0.01570540703954814,3.243376360174915e-4,3.1066594655770733e-4,0.0032847910329179887,3.243376360174915e-4,0.007357513323583121
Q14,Q,0.5,0.42857142857142855,1.5724455759988494,1.0796095048410885,0.0031191366060290874,0.014794977619117515,0.0010489708222914096,0.013475888357623828,3.350187947989475e-4,3.350187947989475e-4,3.350187947989475e-4,3.350187947989475e-4,0.003520188347700055,0.019525472011982972,0.0017461501202963915,3.350187947989475e-4,3.350187947989475e-4,4.782870066249601e-4,3.350187947989475e-4,3.350187947989475e-4,3.350187947989475e-4,3.350187947989475e-4,3.350187947989475e-4,0.002289184720492623,3.350187947989475e-4,3.350187947989475e-4,0.001938540254967729,0.002474348182432887,0.008547542795231695,3.350187947989475e-4,3.350187947989475e-4,0.04749102583778333,3.350187947989475e-4,3.350187947989475e-4,3.350187947989475e-4,0.013057324025409463,0.0024405937536761094,3.350187947989475e-4,3.350187947989475e-4,2.3443472178834085e-4,3.350187947989475e-4,3.350187947989475e-4,3.350187947989475e-4,3.350187947989475e-4,4.992155263554224e-4,3.350187947989475e-4,3.350187947989475e-4,3.350187947989475e-4,3.350187947989475e-4,0.009878121226868774,0.0031544505618258663,3.350187947989475e-4,3.350187947989475e-4,3.350187947989475e-4,3.350187947989475e-4,0.009368083247760336,0.005516595360026638,3.350187947989475e-4,0.004363639233346355,3.350187947989475e-4,3.350187947989475e-4,0.04956540275062695,3.350187947989475e-4,0.002668579559497608,0.03805604062599211,3.350187947989475e-4,0.0031553051032514132,3.350187947989475e-4,3.350187947989475e-4,3.350187947989475e-4,3.350187947989475e-4,3.350187947989475e-4,7.223652951552237e-4,0.041605112407177215,3.350187947989475e-4,0.0013576546409434578,3.350187947989475e-4,3.350187947989475e-4,3.350187947989475e-4,3.350187947989475e-4,0.007385671185861899,3.350187947989475e-4,3.350187947989475e-4,3.350187947989475e-4,0.002513457638991984,0.5615582583781843,0.005488233313523621,0.009681845192851063,3.350187947989475e-4,3.350187947989475e-4,3.350187947989475e-4,0.03504170998141294,0.009168853429508069,0.0044550897870231886,0.0030714797822579674,0.010665704439455621,3.350187947989475e-4,0.001732695222329995,0.21982495263756174,0.06641123517770386,3.350187947989475e-4,3.350187947989475e-4,3.350187947989475e-4,5.362465139301102e-4,3.350187947989475e-4,0.009641528070906798,0.012665320662553027,3.350187947989475e-4,0.0069207177916982285,3.350187947989475e-4,3.350187947989475e-4,0.06387225841735755,0.01615335331491297,3.350187947989475e-4,0.00607570152629084,3.350187947989475e-4,0.001014003061311935,3.350187947989475e-4,0.0078083885812992955,3.350187947989475e-4,3.350187947989475e-4,0.002167983675466756,3.350187947989475e-4,0.05238338688099653,3.350187947989475e-4,0.6218557110536826,0.1778160570094163,0.07909449088196342,0.7429452240117491,0.011467800551982108,0.014191769693639448,0.012028898743349805,0.02439229639850134,0.0010984326394369742,9.365769929069179e-6,0.018797745442241148,0.02111399146942352,4.236654181992072e-4,0.016084687176362772,0.013774792498686687,0.07609061047874677,0.0024500713104768194,0.008078663318909541,0.0018623367264359817,3.350187947989475e-4,0.025297485799397165,3.350187947989475e-4,0.008072485572333414,0.2628790129609606,3.350187947989475e-4,0.006160525425957863,3.350187947989475e-4,3.350187947989475e-4,3.350187947989475e-4,0.014560117303773223,0.0027662451633729303,0.010763750179242417,3.350187947989475e-4,3.350187947989475e-4
Q15,Q,2,0.625,0.9521821777184877,1.2968795677225275,3.344372035222574e-4,0.031814968366414044,3.344372035222574e-4,3.344372035222574e-4,3.344372035222574e-4,0.0013064462637099954,3.344372035222574e-4,3.344372035222574e-4,0.04393856085104658,0.001291193797935602,0.01447349738334345,3.344372035222574e-4,0.0077340127055500075,0.009855274846407039,3.344372035222574e-4,3.344372035222574e-4,3.344372035222574e-4,3.344372035222574e-4,3.344372035222574e-4,0.003558996543173044,3.344372035222574e-4,0.022651095685172856,0.00407058913295868,3.344372035222574e-4,0.020106445280735203,3.344372035222574e-4,8.982803785860319e-4,0.05949296034566382,0.003663102395481476,8.708721288843567e-4,3.344372035222574e-4,2.804356282695118e-4,0.003523181237346154,3.344372035222574e-4,3.344372035222574e-4,0.0018697715021848554,3.344372035222574e-4,3.344372035222574e-4,3.344372035222574e-4,3.344372035222574e-4,3.344372035222574e-4,2.2265450523892977e-5,0.46112589141631466,0.004365938231669202,3.344372035222574e-4,0.0029953133242318977,3.344372035222574e-4,3.344372035222574e-4,3.344372035222574e-4,3.344372035222574e-4,0.046708805188831304,5.746506981210049e-4,0.0037959726242548504,3.344372035222574e-4,3.344372035222574e-4,3.344372035222574e-4,3.344372035222574e-4,0.06224129039813637,0.004549471878141708,0.003926267236298507,0.05453419127643999,3.344372035222574e-4,0.0029902751975280535,3.344372035222574e-4,3.344372035222574e-4,3.344372035222574e-4,3.344372035222574e-4,3.344372035222574e-4,5.450925092768836e-4,9.995876523055352e-4,3.344372035222574e-4,0.007428197733269099,3.344372035222574e-4,3.344372035222574e-4,3.344372035222574e-4,0.01928344061068324,3.344372035222574e-4,0.003122271851197991,3.344372035222574e-4,0.007909141385238776,0.0036896418531722776,2.2598530152324514,0.015809310732803953,0.01162131913729813,3.344372035222574e-4,0.00596972293198425,0.0059748826564546805,0.003708747347977954,0.023157932317072496,3.344372035222574e-4,3.344372035222574e-4,0.0010093481767625692,0.025571139741683672,0.0033567666209503603,3.344372035222574e-4,0.010310248108400366,3.344372035222574e-4,3.344372035222574e-4,0.04377766226101623,0.0013936782111908894,3.344372035222574e-4,0.001923407481602671,3.344372035222574e-4,3.344372035222574e-4,0.007971271064359957,3.344372035222574e-4,0.006020104897073247,0.0010962879685104555,0.0012566250154822471,0.009018976049634208,3.344372035222574e-4,3.344372035222574e-4,3.344372035222574e-4,0.02513263875768651,0.007776189212208872,3.344372035222574e-4,3.344372035222574e-4,0.008950246064848183,0.009170803748485647,0.05812497865325893,9.656694473649044e-4,3.344372035222574e-4,0.017743180314237453,0.08814388107323072,1.1057996202849258,0.01601377133476972,0.02220262475949174,0.010495952474200553,0.004603614576629975,0.019334283260427992,0.06872066917075625,0.0019106447602807628,3.344372035222574e-4,0.008577856950264136,0.06583211637466155,0.019978840996596765,0.004191017964700488,0.0035350462610962982,0.009265714826279331,0.020077885630112247,3.344372035222574e-4,0.006325063677846804,0.0014976144444170357,0.006957641615193081,0.2607041400662285,9.205460494013037e-4,3.344372035222574e-4,0.025294565934555775,0.01267925014737646,0.00600664967398436,0.0023694068392304864,0.011143945932794799,3.344372035222574e-4,7.716407767265655e-4,0.006313107470818591
Q16,Q,0,0,1.3494826997637033,5.752691776978646,0.00994264065439137,3.224495813683024e-4,3.224495813683024e-4,0.019543265545641782,3.224495813683024e-4,3.224495813683024e-4,3.224495813683024e-4,3.224495813683024e-4,0.009840250899130694,0.06772476013930749,3.224495813683024e-4,3.224495813683024e-4,3.224495813683024e-4,3.224495813683024e-4,0.02654378939199059,3.224495813683024e-4,3.224495813683024e-4,0.0037379585494234265,3.224495813683024e-4,0.006709765257036382,0.0014389024310550134,3.224495813683024e-4,3.224495813683024e-4,4.945469704793967e-4,3.224495813683024e-4,3.224495813683024e-4,0.004220297335070067,0.031250517793462385,3.224495813683024e-4,3.224495813683024e-4,3.224495813683024e-4,3.224495813683024e-4,0.006432782927159086,3.224495813683024e-4,3.224495813683024e-4,0.003180466781134322,3.224495813683024e-4,3.224495813683024e-4,3.224495813683024e-4,3.224495813683024e-4,0.001693345911253099,0.017803681374060805,0.18931234315406317,3.224495813683024e-4,3.224495813683024e-4,0.010693689209176679,0.0020715227525109486,7.476496713770923e-4,3.224495813683024e-4,3.224495813683024e-4,3.224495813683024e-4,0.01665552682358328,0.003265492053458222,3.224495813683024e-4,3.224495813683024e-4,3.224495813683024e-4,0.0046269611807321365,0.044757386709536336,3.224495813683024e-4,0.002729148260063632,0.006970784411922922,0.007984875332886086,5.241538044709998e-4,3.224495813683024e-4,3.224495813683024e-4,3.224495813683024e-4,3.224495813683024e-4,3.224495813683024e-4,3.224495813683024e-4,3.224495813683024e-4,0.09328138941435238,0.0047624816057294725,3.224495813683024e-4,0.006246702363991899,3.224495813683024e-4,0.14043593327015347,3.224495813683024e-4,0.0022830544517497796,3.224495813683024e-4,0.03358067172062549,0.006227123063079727,2.271074293860864e-6,3.224495813683024e-4,0.008447443128431271,3.224495813683024e-4,3.224495813683024e-4,3.224495813683024e-4,0.08348279625577222,0.08262535055149182,0.007249340580795165,0.007098769452268851,0.024249046803192342,3.224495813683024e-4,3.224495813683024e-4,0.29521768128440984,0.15208417097913626,0.007631927102369545,3.224495813683024e-4,3.224495813683024e-4,6.575902153760265e-4,3.224495813683024e-4,0.0025390343585928237,3.224495813683024e-4,3.224495813683024e-4,3.224495813683024e-4,4.3849307669624124e-4,3.224495813683024e-4,3.224495813683024e-4,3.224495813683024e-4,3.224495813683024e-4,3.224495813683024e-4,3.224495813683024e-4,3.224495813683024e-4,3.224495813683024e-4,0.0025453868462853822,3.224495813683024e-4,3.224495813683024e-4,0.0021638296584389058,0.021958592554237627,0.22198160399925188,9.959397084846697e-4,0.7866814895941996,0.46264509232972717,0.03794389910454814,3.224495813683024e-4,3.224495813683024e-4,3.711926723358386e-4,0.016045539286580066,0.044784831224929614,3.224495813683024e-4,0.14742774834571168,0.021872664412031055,0.009889702714814812,2.008945455797247e-4,0.06071832829551015,0.06227668003387041,0.09497047108117623,0.007658545404270483,0.011937393053852443,3.224495813683024e-4,3.224495813683024e-4,0.010309585020012809,3.224495813683024e-4,3.224495813683024e-4,0.11590593587530973,3.224495813683024e-4,3.224495813683024e-4,0.004259389683845024,0.0033214612395442897,0.02623954143980272,3.224495813683024e-4,3.224495813683024e-4,3.224495813683024e-4,3.224495813683024e-4,0.00803280266968907
Q17,Q,1,0.6818181818181818,5.087899321924421,8.540522884028293,3.2600181228971685e-4,0.012805900925470792,0.0086337886212921,1.6702855971613417e-4,3.2600181228971685e-4,2.7515498558482697e-4,3.2600181228971685e-4,3.2600181228971685e-4,0.011895244134613335,3.2600181228971685e-4,3.2600181228971685e-4,3.2600181228971685e-4,3.2600181228971685e-4,0.006704785174466572,3.2600181228971685e-4,3.2600181228971685e-4,3.2600181228971685e-4,3.2600181228971685e-4,3.2600181228971685e-4,3.2600181228971685e-4,3.2600181228971685e-4,3.2600181228971685e-4,3.2600181228971685e-4,3.2600181228971685e-4,3.2600181228971685e-4,3.2600181228971685e-4,3.2600181228971685e-4,3.2600181228971685e-4,0.003911043742039766,3.2600181228971685e-4,3.2600181228971685e-4,0.013175278072054935,0.005730063159810459,3.2600181228971685e-4,3.2600181228971685e-4,3.2600181228971685e-4,3.2600181228971685e-4,3.2600181228971685e-4,3.2600181228971685e-4,5.623254690317954e-4,0.0022316635747660477,3.2600181228971685e-4,0.23775304964646096,3.2600181228971685e-4,3.2600181228971685e-4,2.06461257117721e-4,0.0019141346388665977,3.2600181228971685e-4,3.2600181228971685e-4,3.2600181228971685e-4,3.2600181228971685e-4,0.007756961525325269,0.011792021823500374,3.2600181228971685e-4,0.0551219952408893,0.0015003701919216101,3.2600181228971685e-4,3.2600181228971685e-4,0.010261928079494866,3.2600181228971685e-4,0.022750403087657897,3.2600181228971685e-4,0.0016503892122868144,0.0014099187179355181,3.2600181228971685e-4,3.2600181228971685e-4,3.2600181228971685e-4,3.2600181228971685e-4,0.03006122402055254,0.058942954902138696,0.09863301376473148,3.2600181228971685e-4,3.2600181228971685e-4,3.2600181228971685e-4,3.2600181228971685e-4,0.017680581119166414,3.2600181228971685e-4,3.2600181228971685e-4,3.2600181228971685e-4,1.9737218501972688e-4,0.005196459496234094,0.5216361817774361,0.01045560923326946,3.2600181228971685e-4,3.2600181228971685e-4,3.2600181228971685e-4,3.2600181228971685e-4,3.2600181228971685e-4,3.2600181228971685e-4,3.2600181228971685e-4,3.2600181228971685e-4,3.2600181228971685e-4,0.022078129154999133,3.2600181228971685e-4,3.2600181228971685e-4,3.2600181228971685e-4,0.005274982387075867,3.2600181228971685e-4,0.13237859284535447,0.0069920510097904315,3.2600181228971685e-4,0.02897487292984411,3.2600181228971685e-4,3.2600181228971685e-4,3.2600181228971685e-4,0.0018026770053801771,3.2600181228971685e-4,0.0169742925440556,0.023778475202872566,0.0032776160186743205,0.004354637668040474,3.2600181228971685e-4,3.2600181228971685e-4,0.025259418374837153,3.2600181228971685e-4,3.2600181228971685e-4,3.2600181228971685e-4,0.007599439656349217,3.2600181228971685e-4,3.2600181228971685e-4,3.2600181228971685e-4,0.009836401230535807,0.02198277113975608,0.022316650690295557,0.4677877356281027,0.010848862720347002,0.01262781711980354,3.2600181228971685e-4,3.230024075019551e-4,3.2600181228971685e-4,3.2600181228971685e-4,3.2600181228971685e-4,3.2600181228971685e-4,0.004525041126173157,3.2600181228971685e-4,0.008968367703706032,3.2600181228971685e-4,3.2600181228971685e-4,0.010133306672471172,3.2600181228971685e-4,0.036417277605988035,0.04028573666372529,3.2600181228971685e-4,3.2600181228971685e-4,0.13408375508726983,3.2600181228971685e-4,3.2600181228971685e-4,0.0034776634528180294,0.005052318221544318,3.2600181228971685e-4,3.2600181228971685e-4,0.005061411227093544,0.009620046159183599,3.2600181228971685e-4,3.2600181228971685e-4
Q18,Q,2,0.7333333333333333,2.1599323490666933,1.7576880124206682,3.3729219171304534e-4,3.3729219171304534e-4,0.005119557224901619,0.0019944072976503645,3.3729219171304534e-4,3.3729219171304534e-4,3.3729219171304534e-4,3.3729219171304534e-4,3.3729219171304534e-4,0.0018584882931370946,3.3729219171304534e-4,3.3729219171304534e-4,3.3729219171304534e-4,6.04742455956658e-4,3.3729219171304534e-4,3.3729219171304534e-4,3.3729219171304534e-4,3.3729219171304534e-4,3.3729219171304534e-4,0.005093697296819574,3.3729219171304534e-4,3.3729219171304534e-4,1.673595029989119e-4,3.3729219171304534e-4,3.3729219171304534e-4,3.3729219171304534e-4,3.3729219171304534e-4,0.05059427198710054,0.008034343685943465,3.3729219171304534e-4,3.3729219171304534e-4,0.03070642873383839,0.005361583598466622,3.3729219171304534e-4,3.3729219171304534e-4,9.366413571237969e-4,3.3729219171304534e-4,3.3729219171304534e-4,3.3729219171304534e-4,3.3729219171304534e-4,3.3729219171304534e-4,3.3729219171304534e-4,3.3729219171304534e-4,3.3729219171304534e-4,3.3729219171304534e-4,3.3729219171304534e-4,7.789632806980396e-4,3.3729219171304534e-4,3.3729219171304534e-4,3.3729219171304534e-4,3.3729219171304534e-4,0.009861447642357638,0.0018683896209313654,3.3729219171304534e-4,3.3729219171304534e-4,3.3729219171304534e-4,3.3729219171304534e-4,0.010539900050711024,0.0025506678974082718,9.198182772411937e-4,0.05527191907111714,3.3729219171304534e-4,6.006241359514563e-4,0.0035296605867430313,3.3729219171304534e-4,3.3729219171304534e-4,3.3729219171304534e-4,3.3729219171304534e-4,9.95069600310193e-4,0.006096455177555679,3.3729219171304534e-4,3.3729219171304534e-4,3.3729219171304534e-4,3.3729219171304534e-4,3.3729219171304534e-4,0.018626291349777613,0.0041300727563896265,3.3729219171304534e-4,3.3729219171304534e-4,3.3729219171304534e-4,0.0037382734880697685,2.0662180940781067,0.0057337889444370165,0.005558005638200317,3.3729219171304534e-4,0.008587223632237455,3.3729219171304534e-4,0.0048415924640847,3.3729219171304534e-4,0.0066544752249791984,9.86778663153782e-4,3.3729219171304534e-4,0.02979510517942431,3.3729219171304534e-4,0.014205327933665829,3.3729219171304534e-4,3.3729219171304534e-4,3.3729219171304534e-4,0.016842711505520844,0.002182681858091552,3.3729219171304534e-4,0.04607523803100249,2.825587769189992e-4,3.3729219171304534e-4,3.8767703864571977e-4,0.005415818931325246,3.3729219171304534e-4,0.0714335103600617,0.009416740961708489,0.0069208074623865285,0.0017522363088712317,3.3729219171304534e-4,3.3729219171304534e-4,3.3729219171304534e-4,0.004323718249272207,3.3729219171304534e-4,3.3729219171304534e-4,0.008290664131203378,3.3729219171304534e-4,0.03190040830497254,3.3729219171304534e-4,0.08016254589414964,0.023969286661454578,0.07483866776262339,3.791583634007902,0.044660147418199146,0.04303154724866268,0.0027740698166215175,0.0035300886704403046,3.3729219171304534e-4,3.3729219171304534e-4,3.3729219171304534e-4,3.3729219171304534e-4,5.565942445560201e-4,3.3729219171304534e-4,3.3729219171304534e-4,0.007169744499102189,0.0015340821482343666,0.007524850507319303,3.3729219171304534e-4,3.3729219171304534e-4,0.01631332573582883,3.3729219171304534e-4,3.3729219171304534e-4,0.19775138868340042,3.3729219171304534e-4,3.3729219171304534e-4,3.3729219171304534e-4,3.3729219171304534e-4,0.0019727214792540715,9.899967717176533e-4,0.009275260716265063,0.0027033176529150226,3.3729219171304534e-4,3.3729219171304534e-4
Q19,Q,1,0.6875,1.7313143152987192,4.205840556386874,0.06660617829857005,0.005038968070997123,0.006389717272127042,0.004456540313196084,0.0019447266550355613,3.0059528365958217e-4,3.0059528365958217e-4,3.0059528365958217e-4,0.004660418568646086,0.002406574858837161,0.003556472357543714,0.04114176661261365,3.0059528365958217e-4,0.005395093814307402,3.0059528365958217e-4,3.0059528365958217e-4,3.0059528365958217e-4,3.0059528365958217e-4,0.0017820418786252123,0.0044674665221240955,0.0013412032324044074,3.0059528365958217e-4,0.0028990795383284705,3.0059528365958217e-4,0.014608791583805715,3.0059528365958217e-4,0.002978844543338674,0.012172320670379669,0.0026447101999933697,3.0059528365958217e-4,0.008649772841266728,0.011525580675623443,0.003101084870955209,3.0059528365958217e-4,3.0059528365958217e-4,0.004776262860058765,0.005079683431223794,6.108495955689827e-4,3.0059528365958217e-4,3.0059528365958217e-4,0.004465705156079843,0.0018211184133957916,0.09731427943512452,3.0059528365958217e-4,3.0059528365958217e-4,0.01952104917255677,0.006955626687022161,0.0035152358046157788,3.0059528365958217e-4,3.0059528365958217e-4,3.0059528365958217e-4,0.03262612336433848,0.05721542803285566,0.0016775562155565663,0.09693029634451733,3.0059528365958217e-4,3.0059528365958217e-4,3.0059528365958217e-4,0.04130416141714974,0.0020367937530170466,0.07370647214618681,3.0059528365958217e-4,0.00416963395391039,3.0059528365958217e-4,3.0059528365958217e-4,3.0059528365958217e-4,3.0059528365958217e-4,3.0059528365958217e-4,0.012511133414299153,0.06699363329480032,3.0059528365958217e-4,0.00581475710116941,3.0059528365958217e-4,3.0059528365958217e-4,3.0059528365958217e-4,0.02728318335974267,3.0059528365958217e-4,3.0059528365958217e-4,3.0059528365958217e-4,0.002090863072097255,0.0018367588426583714,1.900008832691476,0.034306366421712815,0.03156455760474982,3.0059528365958217e-4,0.007960288338956366,0.009259424394618998,0.0034323337640959836,3.0059528365958217e-4,3.0059528365958217e-4,0.001061143735253309,0.0012942960976230983,0.02206574690431186,0.0021479394037767644,0.014626052860015545,3.0059528365958217e-4,0.04382191878938474,0.007849791829755417,0.0051968084527431735,0.07157123203927238,3.0059528365958217e-4,0.07557519050917727,3.0059528365958217e-4,3.0059528365958217e-4,1.1230019994905131e-4,0.0028680968117610764,3.0059528365958217e-4,0.013355792782611954,0.025174282372474245,0.004932876045067967,3.0059528365958217e-4,3.0059528365958217e-4,3.0059528365958217e-4,3.0059528365958217e-4,0.003589716392344762,0.002212506111168598,3.0059528365958217e-4,0.007415220476680489,3.0059528365958217e-4,0.0715871414201701,3.0059528365958217e-4,0.13283042069288267,0.03298581722489005,0.12079608407002132,0.665112431818974,0.012809902581610985,0.01691940232655422,0.01074938325163476,0.004994399434339981,3.0059528365958217e-4,3.0059528365958217e-4,3.0059528365958217e-4,0.004493287147657475,9.274559031766235e-4,0.012088748284359754,3.0059528365958217e-4,0.01048984242093368,0.011990468766698232,0.009515280579235107,0.002280818251039057,0.00458797513582152,0.12354562198601957,3.0059528365958217e-4,0.0024383222297208406,0.49489821337263157,3.0059528365958217e-4,0.017251799182598466,3.0059528365958217e-4,3.0059528365958217e-4,0.004482864620908227,0.0014940124841685987,0.011372427378598466,0.012071978734636899,3.0059528365958217e-4,0.0030482092859440897
Q2,Q,1.5,0.3333333333333333,13.66309273595117,1.7977666511206345,3.5221681912855766e-4,0.006381028018360893,3.5221681912855766e-4,3.5221681912855766e-4,0.004699913278349774,3.5221681912855766e-4,3.5221681912855766e-4,3.5221681912855766e-4,2.524704467111432e-4,3.5221681912855766e-4,3.5221681912855766e-4,0.10094562041234026,0.009975642956477735,3.5221681912855766e-4,3.5221681912855766e-4,3.5221681912855766e-4,0.004083789391625833,3.5221681912855766e-4,0.004616657588505532,0.003485385976289216,0.006560347147216313,3.5221681912855766e-4,0.001964923891984505,3.5221681912855766e-4,3.5221681912855766e-4,3.5221681912855766e-4,0.008039053527184412,0.05632368889679521,0.0026367620291920593,3.5221681912855766e-4,3.5221681912855766e-4,0.002140017611315461,0.008217916685409095,3.5221681912855766e-4,3.5221681912855766e-4,3.5221681912855766e-4,3.5221681912855766e-4,6.630759871382316e-4,0.004388268929446541,3.5221681912855766e-4,3.5221681912855766e-4,3.5221681912855766e-4,0.009629236354470647,3.5221681912855766e-4,3.5221681912855766e-4,0.0023968882043345734,0.0018815311402276178,3.5221681912855766e-4,3.5221681912855766e-4,8.399712905783219e-4,3.5221681912855766e-4,0.009551637978508363,0.0016068043234439913,3.5221681912855766e-4,3.5221681912855766e-4,3.5221681912855766e-4,3.5221681912855766e-4,0.026926334235831288,0.00781541049965778,0.0012040430667681584,0.04281305267687469,0.005180729820975786,0.0023485192904492856,0.001709606550876657,3.5221681912855766e-4,3.5221681912855766e-4,3.5221681912855766e-4,3.5221681912855766e-4,3.5221681912855766e-4,0.0010004190422117846,3.5221681912855766e-4,0.0019473619210987024,3.5221681912855766e-4,3.5221681912855766e-4,3.5221681912855766e-4,0.04631347926452381,2.4245538483865306e-4,3.5221681912855766e-4,3.5221681912855766e-4,3.5221681912855766e-4,3.5221681912855766e-4,0.2567793771610778,0.002273620026346932,0.0066486585245481775,3.5221681912855766e-4,0.02031559312490345,3.5221681912855766e-4,3.5221681912855766e-4,3.5221681912855766e-4,0.00797855193149621,4.6229766365598956e-4,3.5221681912855766e-4,0.00547003339836623,3.5221681912855766e-4,3.5221681912855766e-4,3.5221681912855766e-4,3.5221681912855766e-4,3.5221681912855766e-4,0.02403713873266089,7.947684469431016e-4,3.5221681912855766e-4,0.0038020523396049815,3.5221681912855766e-4,3.5221681912855766e-4,0.003976738830073657,0.009876759751582549,3.5221681912855766e-4,0.008031548973307942,0.0015471343915733605,3.5221681912855766e-4,3.5221681912855766e-4,3.5221681912855766e-4,3.5221681912855766e-4,3.5221681912855766e-4,0.0023955709957891075,0.0020915808716279304,3.5221681912855766e-4,0.003174766176074545,0.008003548660692437,0.08292649504899181,3.5221681912855766e-4,3.5221681912855766e-4,0.0068376771768272615,0.05758364657920874,1.1123618087873552,0.024075160769931315,0.029835628102928946,0.0094372418058669,0.0015159870852922003,3.5221681912855766e-4,0.017584176652719004,3.5221681912855766e-4,3.5221681912855766e-4,3.5221681912855766e-4,3.5221681912855766e-4,3.5221681912855766e-4,3.5221681912855766e-4,0.0025380045566766258,0.013096488552162439,3.5221681912855766e-4,3.5221681912855766e-4,0.010911165637781236,3.5221681912855766e-4,3.5221681912855766e-4,0.21064071030677067,3.5221681912855766e-4,3.5221681912855766e-4,3.5221681912855766e-4,3.5221681912855766e-4,0.006135680895572672,3.5221681912855766e-4,9.275383379977035e-4,3.5221681912855766e-4,3.5221681912855766e-4,3.5221681912855766e-4
Q20,Q,0,0,1.3643525379238703,0.5938476723145254,3.3226784383616974e-4,0.0013756356778233045,3.3226784383616974e-4,3.3226784383616974e-4,0.02120446873860471,3.3226784383616974e-4,3.3226784383616974e-4,3.3226784383616974e-4,0.003637530641790154,7.426834149015822e-4,3.3226784383616974e-4,0.07838444660808189,0.050837543321566,0.001831750615075932,3.3226784383616974e-4,3.3226784383616974e-4,0.0011825522418745637,0.004976664709603867,0.020458209672894884,0.005755232153219884,0.008680301373797158,0.005093141981495771,3.3226784383616974e-4,3.3226784383616974e-4,0.0017222223248209729,3.3226784383616974e-4,0.02082362799621152,0.06636075729888954,3.3226784383616974e-4,3.3226784383616974e-4,3.3226784383616974e-4,3.3226784383616974e-4,0.0021794996584354326,3.3226784383616974e-4,3.3226784383616974e-4,0.006427193399888391,3.3226784383616974e-4,3.3226784383616974e-4,3.3226784383616974e-4,3.3226784383616974e-4,0.009197720165720711,3.3226784383616974e-4,0.06045830915542069,3.3226784383616974e-4,3.3226784383616974e-4,0.0170678360286643,0.0026111749880857516,3.3226784383616974e-4,3.3226784383616974e-4,3.422755052048844e-4,3.3226784383616974e-4,0.002142501042369474,4.3762499309895166e-4,3.3226784383616974e-4,3.3226784383616974e-4,5.440522709536377e-5,3.3226784383616974e-4,0.06714079772355694,3.3226784383616974e-4,0.006532792166294529,0.0251236851168163,0.008149730619508532,8.003033114599903e-4,3.3226784383616974e-4,0.00915467256511823,3.3226784383616974e-4,3.3226784383616974e-4,3.3226784383616974e-4,3.3226784383616974e-4,3.3226784383616974e-4,3.3226784383616974e-4,0.005381123851727898,3.3226784383616974e-4,3.3226784383616974e-4,3.3226784383616974e-4,3.3226784383616974e-4,3.3226784383616974e-4,3.3226784383616974e-4,3.3226784383616974e-4,0.006254372732664432,0.0011392043525853953,3.3226784383616974e-4,3.3226784383616974e-4,0.007073979209459763,3.3226784383616974e-4,0.01884962231796259,0.002198239198661141,1.9290322842977284e-4,0.04729504619354642,3.3226784383616974e-4,0.0013148694206711338,3.3226784383616974e-4,3.3226784383616974e-4,3.3226784383616974e-4,3.3226784383616974e-4,0.03068680498279014,0.0016908181545775783,3.3226784383616974e-4,0.021748098512028517,3.3226784383616974e-4,3.3226784383616974e-4,0.0012285570293290328,3.3226784383616974e-4,3.3226784383616974e-4,0.008657320249221612,3.3226784383616974e-4,3.3226784383616974e-4,3.3226784383616974e-4,5.007633758821574e-4,3.3226784383616974e-4,3.3226784383616974e-4,3.3226784383616974e-4,3.3226784383616974e-4,3.3226784383616974e-4,0.00538987530627531,3.3226784383616974e-4,3.3226784383616974e-4,0.0018057525551107097,4.066088479675774e-4,0.018404843919016353,0.0016806194593848543,3.3226784383616974e-4,0.031295004977080695,0.02941211963527622,3.3226784383616974e-4,3.3226784383616974e-4,0.003577998847743318,0.0020989608862390687,9.94656654948245e-4,8.767042172623928e-4,0.06939597910252088,0.0016681241285519633,3.3226784383616974e-4,0.001041504978119073,3.3226784383616974e-4,0.04515773278873997,3.3226784383616974e-4,0.009604373646565946,0.008653445833713878,0.004114690259710796,3.3226784383616974e-4,0.0021480218963449782,3.3226784383616974e-4,0.00974574480488019,0.12572526889809948,3.3226784383616974e-4,0.020465195272633522,3.3226784383616974e-4,3.3226784383616974e-4,5.96531183109127e-4,3.3226784383616974e-4,3.3226784383616974e-4,3.3226784383616974e-4,3.3226784383616974e-4,0.003135950021404412
Q4,Q,1.5714285714285714,1.1428571428571428,7.1812498301267444,2.40019199426127,3.0428851029416266e-4,8.244251949122983e-4,0.006653338863514001,3.0428851029416266e-4,3.0428851029416266e-4,3.0428851029416266e-4,3.0428851029416266e-4,3.0428851029416266e-4,3.0428851029416266e-4,3.0428851029416266e-4,3.0428851029416266e-4,3.0428851029416266e-4,3.0428851029416266e-4,0.0057762823662937555,3.0428851029416266e-4,3.0428851029416266e-4,3.0428851029416266e-4,3.0428851029416266e-4,3.0428851029416266e-4,0.003289313659449679,3.0428851029416266e-4,0.01876371212080893,3.0428851029416266e-4,3.0428851029416266e-4,3.0428851029416266e-4,3.0428851029416266e-4,3.0428851029416266e-4,3.0428851029416266e-4,0.008827720970779811,3.0428851029416266e-4,0.003061463505001394,0.013236364530510122,0.005200553837140104,3.0428851029416266e-4,3.0428851029416266e-4,0.0016148581388559652,3.0428851029416266e-4,3.0428851029416266e-4,3.0428851029416266e-4,3.0428851029416266e-4,0.0012675172176046337,3.0428851029416266e-4,0.14795043798906304,3.0428851029416266e-4,3.0428851029416266e-4,3.0428851029416266e-4,5.799288906457997e-5,3.0428851029416266e-4,0.0029491140341667715,3.0428851029416266e-4,3.0428851029416266e-4,0.014090206571681207,0.010535802531501553,3.0428851029416266e-4,0.005880976431242616,0.0015646757080720161,0.006861601226594141,3.0428851029416266e-4,0.027477716519540812,0.004025783056542279,0.027076957961893224,3.0428851029416266e-4,0.0011649627948339186,0.0013487688633998223,3.0428851029416266e-4,3.0428851029416266e-4,3.0428851029416266e-4,3.0428851029416266e-4,0.0016541641705792825,0.047724066799545904,0.07639937617337847,6.574204302343435e-5,4.1287126180879555e-4,3.0428851029416266e-4,3.0428851029416266e-4,0.01798733077894174,3.0428851029416266e-4,3.0428851029416266e-4,3.0428851029416266e-4,0.005085470483285035,5.708072805752554e-4,1.8522988426260973,3.0428851029416266e-4,3.0428851029416266e-4,3.0428851029416266e-4,0.02191782594009624,0.002601255973526145,3.0428851029416266e-4,3.0428851029416266e-4,4.6806902855477117e-4,0.0013793422514714975,3.0428851029416266e-4,0.020681430780771823,3.0428851029416266e-4,3.0428851029416266e-4,3.0428851029416266e-4,0.0029707571975093406,0.011899931726756876,0.16531491133828635,0.010213472755431866,3.0428851029416266e-4,0.00724217550178835,3.0428851029416266e-4,3.0428851029416266e-4,0.0016205302704390039,0.005405867278196068,0.0012772000489331414,0.02088048229053436,0.0148975607602833,0.005214565911962211,3.0428851029416266e-4,3.0428851029416266e-4,3.0428851029416266e-4,3.0428851029416266e-4,0.0030260541447159474,3.0428851029416266e-4,3.0428851029416266e-4,0.00675211990564083,3.0428851029416266e-4,0.03790122549495879,3.0428851029416266e-4,3.0428851029416266e-4,3.0428851029416266e-4,0.021914013865837453,2.261824790301452,0.02892430561892255,0.032472210755186484,3.0428851029416266e-4,3.0428851029416266e-4,3.0428851029416266e-4,3.0428851029416266e-4,3.0428851029416266e-4,3.0428851029416266e-4,0.005002329624408704,3.0428851029416266e-4,0.016860947019636818,3.0428851029416266e-4,3.0428851029416266e-4,0.010056012580009975,3.0428851029416266e-4,3.0428851029416266e-4,3.0428851029416266e-4,3.0428851029416266e-4,3.0428851029416266e-4,0.1776577020853874,3.0428851029416266e-4,3.0428851029416266e-4,3.0428851029416266e-4,0.003373771471920663,3.333758839358118e-4,3.0428851029416266e-4,0.0068035183367526715,0.002927423110605569,3.0428851029416266e-4,0.0019947620846156914
Q5,Q,2,0.9230769230769231,5.246713258537785,0.3022481081915856,3.2626447375926044e-4,3.2626447375926044e-4,0.0017254961092900123,3.2626447375926044e-4,3.2626447375926044e-4,5.760688780036718e-4,3.2626447375926044e-4,3.2626447375926044e-4,0.009497179861566505,3.2626447375926044e-4,0.002288430438203992,0.1697662204033837,3.2626447375926044e-4,0.004497378669445217,3.2626447375926044e-4,3.2626447375926044e-4,3.2626447375926044e-4,3.2626447375926044e-4,3.2626447375926044e-4,0.008394266149312461,3.2626447375926044e-4,0.014661242354171738,3.2626447375926044e-4,3.2626447375926044e-4,3.2626447375926044e-4,3.2626447375926044e-4,0.01020582551179168,3.2626447375926044e-4,0.010595123124453456,3.2626447375926044e-4,5.997435465345704e-4,0.00238325375867997,0.016199556921330974,3.2626447375926044e-4,3.2626447375926044e-4,0.017634300779344272,0.0017814616231314126,3.2626447375926044e-4,3.2626447375926044e-4,3.2626447375926044e-4,3.4600053804141227e-4,3.2626447375926044e-4,0.14130446855234494,3.2626447375926044e-4,3.2626447375926044e-4,0.0016557201969738117,0.0030573958514043425,0.00946546202004257,0.002175169038053685,3.2626447375926044e-4,3.2626447375926044e-4,0.01719336897407994,0.0028332322242612994,3.2626447375926044e-4,3.2626447375926044e-4,0.0023366757702085136,3.2626447375926044e-4,3.2626447375926044e-4,0.005851887268561424,0.002314789382748434,0.0489307816631793,0.0038742641164378998,0.0030142735717195897,3.2626447375926044e-4,3.2626447375926044e-4,3.2626447375926044e-4,3.2626447375926044e-4,3.2626447375926044e-4,4.725980857642416e-4,0.0017641217975505011,0.09152148668656004,0.0027866753026522563,3.2626447375926044e-4,3.2626447375926044e-4,3.2626447375926044e-4,0.17015634747980315,3.2626447375926044e-4,0.007713190069742976,0.004722764433015874,3.2626447375926044e-4,0.006944179305277669,3.06772934084848,3.2626447375926044e-4,0.011266120419536764,3.2626447375926044e-4,0.02646895806485316,0.0029658900698236487,3.2626447375926044e-4,3.2626447375926044e-4,3.2626447375926044e-4,9.752563881177702e-4,3.2626447375926044e-4,0.020705285139279543,3.2626447375926044e-4,3.2626447375926044e-4,3.2626447375926044e-4,0.0069959586050302855,3.2626447375926044e-4,0.01731666911827469,0.004865456485349388,3.2626447375926044e-4,0.040103926413482135,3.2626447375926044e-4,3.417032769774536e-4,0.003193033853493868,3.2626447375926044e-4,3.2626447375926044e-4,0.011248798652553448,0.0032156397168289414,0.004449926582782488,3.2626447375926044e-4,3.2626447375926044e-4,0.0015363297815918688,3.2626447375926044e-4,0.003624403523452069,3.2626447375926044e-4,3.2626447375926044e-4,0.0074319507152817935,9.255406799017034e-4,0.2749080843545116,0.016153838783010733,3.2626447375926044e-4,0.009160801111158842,0.0767818635074135,4.040141400814371,0.05856312883015439,0.07037989136465676,3.2626447375926044e-4,3.2626447375926044e-4,1.972312920110863e-4,3.2626447375926044e-4,3.2626447375926044e-4,3.2626447375926044e-4,0.005821350548750951,3.2626447375926044e-4,0.02047451754706456,3.2626447375926044e-4,0.007533395212981395,0.015306249172764025,3.2626447375926044e-4,3.2626447375926044e-4,3.2626447375926044e-4,3.2626447375926044e-4,3.2626447375926044e-4,0.259498797452184,3.2626447375926044e-4,3.2626447375926044e-4,0.0014189111458001319,0.0014764756182278045,0.009823067769748535,1.257127693007256e-4,0.023121439926857622,5.124489270323773e-4,3.2626447375926044e-4,0.004555411018381434
Q6,Q,1,0.5,1.000498919558615,0.659867399666932,3.3440236362813485e-4,0.09278391565720392,0.004174823477410492,9.165243320541109e-4,0.010276325317145438,3.3440236362813485e-4,3.3440236362813485e-4,3.3440236362813485e-4,0.007885254356216538,3.3440236362813485e-4,3.3440236362813485e-4,0.08668365786061502,3.3440236362813485e-4,0.004055670844165793,3.3440236362813485e-4,3.3440236362813485e-4,0.004768882618939704,0.0019485434471971904,0.009549989072946144,0.004634580939732007,0.01593284320163164,0.0036691412269004783,0.001182960405835487,3.3440236362813485e-4,0.004247117949973171,0.0010058248180442285,0.02142338968176287,0.007286941035118205,0.0033317532959015825,3.3440236362813485e-4,3.3440236362813485e-4,0.00986343346887806,0.00481368721702607,3.3440236362813485e-4,3.3440236362813485e-4,0.004774957613323709,3.3440236362813485e-4,3.3440236362813485e-4,3.3440236362813485e-4,0.0026207946424019486,0.004828945023226378,3.3440236362813485e-4,0.08015882087976064,3.3440236362813485e-4,3.3440236362813485e-4,0.0030855611506550584,0.001470553993438207,3.3440236362813485e-4,3.3440236362813485e-4,1.6395312941686405e-4,3.3440236362813485e-4,0.011597824201591011,0.00345819194724763,3.3440236362813485e-4,3.3440236362813485e-4,3.3440236362813485e-4,3.3440236362813485e-4,0.006087931416421763,3.3440236362813485e-4,0.0023647437730614862,0.031658266639153776,0.010695398678750714,9.349837789047977e-4,0.0021457817011590265,5.044450203087764e-4,3.3440236362813485e-4,3.3440236362813485e-4,3.3440236362813485e-4,3.3440236362813485e-4,0.002824486092077779,0.06939523702052551,0.009029189568695466,3.3440236362813485e-4,0.005092159394170195,3.3440236362813485e-4,0.0035513065604127064,3.3440236362813485e-4,0.00387421007876122,3.3440236362813485e-4,0.20913427108537797,3.3440236362813485e-4,0.7709145908406542,0.006677714334255116,3.3440236362813485e-4,3.3440236362813485e-4,0.04331221651109016,3.3440236362813485e-4,0.0013468161305769631,0.055209524562106996,3.3440236362813485e-4,0.0011369335928922248,3.3440236362813485e-4,0.0039243245603841435,0.0030508672087426808,3.3440236362813485e-4,0.10040869521254622,0.00806855628612676,3.3440236362813485e-4,0.009052343750609308,3.3440236362813485e-4,3.3440236362813485e-4,0.002905027752613124,3.3440236362813485e-4,3.3440236362813485e-4,0.009441487868718422,3.3440236362813485e-4,3.3440236362813485e-4,0.01395870549023434,0.0074913918172028375,3.3440236362813485e-4,3.3440236362813485e-4,3.3440236362813485e-4,0.003962782007392149,3.3440236362813485e-4,3.3440236362813485e-4,3.3440236362813485e-4,3.3440236362813485e-4,0.0015683788200529698,7.235663947547238e-4,0.07443555610655635,0.0021609921765290037,0.06998362282884571,0.03425746122066757,0.041441650429506385,0.5939943131618759,0.008489043098390063,0.013788591564743224,0.004348874026621541,0.00470097753957505,3.3440236362813485e-4,0.05837942681405272,3.3440236362813485e-4,3.3440236362813485e-4,4.375062836735853e-4,3.3440236362813485e-4,0.043095864823840035,3.3440236362813485e-4,0.007518290279822789,0.0047741521927388165,3.3440236362813485e-4,3.3440236362813485e-4,0.0034078025270843576,3.3440236362813485e-4,3.3440236362813485e-4,0.17685207035110823,3.3440236362813485e-4,3.3440236362813485e-4,3.3440236362813485e-4,3.3440236362813485e-4,0.002311767349870454,3.3440236362813485e-4,0.008096031704500644,0.0063837310895901184,3.3440236362813485e-4,0.009350821786991563
Q7,Q,0,0,0.8653852337786354,0.2836119975826716,3.442784299389195e-4,3.442784299389195e-4,0.0014733846455498912,3.442784299389195e-4,3.442784299389195e-4,0.00114085279688269,3.442784299389195e-4,3.442784299389195e-4,3.442784299389195e-4,3.442784299389195e-4,3.442784299389195e-4,0.03759645705170819,3.442784299389195e-4,0.0019324521921160577,3.442784299389195e-4,3.442784299389195e-4,3.442784299389195e-4,3.442784299389195e-4,3.442784299389195e-4,0.0027736085937247463,0.003220132945823285,0.005572854608250549,0.00385779539695858,3.442784299389195e-4,3.442784299389195e-4,3.442784299389195e-4,3.442784299389195e-4,3.442784299389195e-4,8.839039669232313e-4,3.442784299389195e-4,0.0021231855711325355,3.442784299389195e-4,0.011425014538438628,3.442784299389195e-4,3.442784299389195e-4,0.001976173876691434,3.442784299389195e-4,3.442784299389195e-4,3.442784299389195e-4,3.442784299389195e-4,0.0019639969503256155,3.442784299389195e-4,0.08878543860140548,3.442784299389195e-4,3.442784299389195e-4,3.442784299389195e-4,3.442784299389195e-4,3.442784299389195e-4,3.442784299389195e-4,1.166024363659715e-5,3.442784299389195e-4,0.032858161337089714,3.86185721823231e-4,3.442784299389195e-4,3.442784299389195e-4,0.002356964913072711,3.442784299389195e-4,3.442784299389195e-4,3.442784299389195e-4,3.442784299389195e-4,0.04731745160469378,3.442784299389195e-4,0.0021315343079815192,0.002448859357724088,2.237064449596973e-4,3.442784299389195e-4,3.442784299389195e-4,3.442784299389195e-4,3.442784299389195e-4,3.442784299389195e-4,0.09579644571706857,0.006318746842537748,3.442784299389195e-4,3.442784299389195e-4,3.442784299389195e-4,0.04837278924476794,3.442784299389195e-4,0.0031027623979324884,3.442784299389195e-4,0.04763685836010257,0.003745597638467105,3.442784299389195e-4,3.442784299389195e-4,0.022739708191375704,3.442784299389195e-4,0.020051443935176598,3.442784299389195e-4,3.442784299389195e-4,3.442784299389195e-4,3.442784299389195e-4,5.392329764604245e-4,3.442784299389195e-4,3.442784299389195e-4,3.442784299389195e-4,3.442784299389195e-4,3.442784299389195e-4,0.004306368128164881,3.442784299389195e-4,0.007759235331008215,3.442784299389195e-4,3.442784299389195e-4,0.002956003733496481,6.055833144131759e-4,3.442784299389195e-4,0.0018395724639870313,3.442784299389195e-4,3.442784299389195e-4,3.442784299389195e-4,6.967988854906076e-4,3.442784299389195e-4,3.442784299389195e-4,3.442784299389195e-4,0.0013336468465837189,3.442784299389195e-4,0.004181573103587203,3.442784299389195e-4,3.442784299389195e-4,0.0016412483340536353,3.442784299389195e-4,0.111520905017288,1.7466360789110055e-4,3.442784299389195e-4,3.442784299389195e-4,0.07175201623429418,3.442784299389195e-4,3.442784299389195e-4,3.442784299389195e-4,3.442784299389195e-4,3.442784299389195e-4,3.442784299389195e-4,3.442784299389195e-4,3.442784299389195e-4,3.442784299389195e-4,0.005760863995753253,3.442784299389195e-4,3.442784299389195e-4,3.442784299389195e-4,6.028215105752625e-4,0.019927668678666178,3.442784299389195e-4,3.442784299389195e-4,3.442784299389195e-4,3.442784299389195e-4,3.442784299389195e-4,0.3004281603463644,3.442784299389195e-4,3.442784299389195e-4,3.442784299389195e-4,3.442784299389195e-4,0.006389273777365144,3.442784299389195e-4,3.442784299389195e-4,3.442784299389195e-4,3.442784299389195e-4,0.008545334640275312
Q8,Q,0.5,0.16666666666666666,0.5655818642098884,0.3923326981280125,3.0870729119713164e-4,3.0870729119713164e-4,0.05840417652440359,0.05252970611510261,3.0870729119713164e-4,3.0870729119713164e-4,3.0870729119713164e-4,3.0870729119713164e-4,3.0870729119713164e-4,0.015197057657709696,3.0870729119713164e-4,3.0870729119713164e-4,3.0870729119713164e-4,0.0026207418825909745,3.0870729119713164e-4,0.09359312140140821,3.0870729119713164e-4,3.0870729119713164e-4,3.0870729119713164e-4,0.0053920042591973525,3.0870729119713164e-4,3.0870729119713164e-4,0.003389045108090596,0.005570717666427332,0.028860885198465556,3.0870729119713164e-4,3.0870729119713164e-4,3.0870729119713164e-4,0.007024531611662607,3.0870729119713164e-4,0.01271024743503215,8.913629761390507e-4,0.005290928527451401,5.090121143594721e-5,3.0870729119713164e-4,0.0025433557730088433,0.14733345098397188,0.006906339759854062,3.0870729119713164e-4,0.01742993710602138,3.0870729119713164e-4,3.0870729119713164e-4,0.1167612146763033,0.0023261387663630196,3.0870729119713164e-4,0.01045001347938498,0.021417523120600544,0.015317616864497178,0.03131514655331902,5.353788281612683e-4,3.0870729119713164e-4,0.007897990883644953,0.03095246618600761,0.0012118910427705329,0.14024939755115798,3.0870729119713164e-4,3.0870729119713164e-4,3.0870729119713164e-4,0.01578468538228398,0.0033183343959325307,0.017260258709690078,3.8613381414696196e-4,0.007656758978414,3.0870729119713164e-4,3.0870729119713164e-4,3.0870729119713164e-4,3.0870729119713164e-4,3.0870729119713164e-4,0.012040864874531834,0.05241715617865638,0.10119923413363614,0.04299667750402761,3.0870729119713164e-4,0.18323652223312806,0.00620674150418301,0.11793171489461077,3.0870729119713164e-4,0.003717345134222336,0.012568684484193814,0.013073313036931836,7.641510108658632e-4,0.3474251969686902,0.00646455478634594,3.0870729119713164e-4,3.0870729119713164e-4,0.03169152607302733,3.0870729119713164e-4,0.0596131163690687,0.023647327312741353,3.0870729119713164e-4,0.018030222527158926,3.0870729119713164e-4,0.032371231109519553,0.002615336071258123,0.016674353398304156,0.06343189849968148,0.00448157142821986,0.0277650660978283,0.08549619663596104,0.034579381075436684,0.006340898630653114,0.018709657888531316,0.019754664122961667,0.001253700065993269,0.008207818811291536,0.002347041420840564,3.0870729119713164e-4,0.05411755330852272,0.021388037598948723,0.012165519984575858,0.006469322287076246,3.0870729119713164e-4,3.0870729119713164e-4,3.0870729119713164e-4,0.005478494009203732,0.004881660251994021,3.0870729119713164e-4,0.011997194214997215,0.38298836496914995,0.14670325555435315,0.0015505161385339812,0.2854376549885591,0.1306990081237045,0.02360779060352111,2.765357456633422,0.04478979601142256,0.052944865277567775,3.0870729119713164e-4,0.08933433169569499,3.0870729119713164e-4,0.13535176634240365,3.0870729119713164e-4,3.0870729119713164e-4,0.002873254130691519,0.30973300213179994,0.01017212044180579,3.0870729119713164e-4,0.008299233636052894,0.00946970729209669,3.0870729119713164e-4,0.052062785639038836,0.07902887206087132,3.0870729119713164e-4,3.0870729119713164e-4,0.14495275259573664,0.02656096328612698,8.205493585992235e-5,3.0870729119713164e-4,3.0870729119713164e-4,0.010833443728489505,0.0016260859708073123,0.002300361941480542,0.03855589063005091,0.005634007361591583,0.004301742255815443
Q9,Q,0.5,0.25,2.0338396991147336,0.2586996259067252,3.253583566566916e-4,3.253583566566916e-4,0.00284962399109973,3.253583566566916e-4,3.253583566566916e-4,3.253583566566916e-4,3.253583566566916e-4,3.253583566566916e-4,0.001911762405848583,3.253583566566916e-4,3.253583566566916e-4,0.010684209130277511,3.253583566566916e-4,3.253583566566916e-4,3.253583566566916e-4,3.253583566566916e-4,3.253583566566916e-4,3.253583566566916e-4,3.253583566566916e-4,6.21317585969099e-4,3.253583566566916e-4,0.005443695928190485,0.0010774707191911303,3.253583566566916e-4,3.253583566566916e-4,3.253583566566916e-4,3.253583566566916e-4,0.008597768919711465,0.005537579708795524,3.253583566566916e-4,3.253583566566916e-4,7.700558471197076e-4,0.0016133373411719456,3.253583566566916e-4,3.253583566566916e-4,0.00178072018835036,3.253583566566916e-4,0.0015797482184944475,3.253583566566916e-4,3.253583566566916e-4,7.187533753489209e-4,3.253583566566916e-4,3.253583566566916e-4,0.0017040123356523702,3.253583566566916e-4,0.0044185425555041055,0.011405110545468005,3.253583566566916e-4,3.253583566566916e-4,3.253583566566916e-4,3.253583566566916e-4,0.0032661473315957895,0.005218596749137553,3.253583566566916e-4,0.05900113186339243,0.002466010327805629,3.253583566566916e-4,3.253583566566916e-4,3.253583566566916e-4,0.003674991792549127,0.015812665467976897,3.253583566566916e-4,0.0016934927626749492,3.253583566566916e-4,3.253583566566916e-4,3.253583566566916e-4,3.253583566566916e-4,3.253583566566916e-4,8.669106584439382e-4,0.0018981439063187702,3.253583566566916e-4,0.0019979025969976763,3.253583566566916e-4,3.253583566566916e-4,3.253583566566916e-4,3.253583566566916e-4,3.253583566566916e-4,3.253583566566916e-4,3.253583566566916e-4,3.253583566566916e-4,1.5795765024505888e-4,0.007214516787441662,3.253583566566916e-4,3.253583566566916e-4,3.253583566566916e-4,0.0038770316904219657,3.253583566566916e-4,0.0024232204877028644,3.253583566566916e-4,3.253583566566916e-4,3.253583566566916e-4,3.253583566566916e-4,3.253583566566916e-4,3.253583566566916e-4,3.253583566566916e-4,3.253583566566916e-4,3.253583566566916e-4,3.253583566566916e-4,0.008878679308109587,3.253583566566916e-4,3.253583566566916e-4,0.004267436698026666,3.253583566566916e-4,3.253583566566916e-4,0.008396076056792049,0.014495451519875975,3.253583566566916e-4,0.036426697592312804,3.253583566566916e-4,3.253583566566916e-4,3.253583566566916e-4,3.253583566566916e-4,0.0011750512265670215,3.253583566566916e-4,0.0036761225600566486,3.253583566566916e-4,3.253583566566916e-4,9.455857383677631e-4,3.253583566566916e-4,0.0036741899231086395,3.253583566566916e-4,0.0025673773671921196,3.253583566566916e-4,0.004178836539895793,0.8147404228674082,0.0136133710582096,0.018142024263763164,0.0011671387327474095,8.55064910999178e-4,3.253583566566916e-4,3.253583566566916e-4,3.253583566566916e-4,3.253583566566916e-4,3.253583566566916e-4,3.253583566566916e-4,3.253583566566916e-4,3.253583566566916e-4,0.001442061035062927,0.010998898672374057,3.253583566566916e-4,3.253583566566916e-4,0.006942254222364906,3.253583566566916e-4,3.253583566566916e-4,0.056110157384894666,3.253583566566916e-4,3.253583566566916e-4,3.253583566566916e-4,3.253583566566916e-4,5.486206465912305e-4,3.253583566566916e-4,3.253583566566916e-4,0.0040638397500668425,3.253583566566916e-4,3.253583566566916e-4
