compound,sample,cultivar,plant_num,conc,mg_tea,conc_ug_mg,mean_leaf_area_px,mean_percent_damage,n_leaves,twister_damage,density_treatment,density_start,density_end
L-theanine,J24,J,24,100.04,21,4.763809523809524,223639.9090909091,0.13649669363372166,44,0.015026296018031557,1,0.9375,0.1875
Gallic acid,J24,J,24,NA,21,NA,223639.9090909091,0.13649669363372166,44,0.015026296018031557,1,0.9375,0.1875
Gallocatechin,J24,J,24,79.483,21,3.784904761904762,223639.9090909091,0.13649669363372166,44,0.015026296018031557,1,0.9375,0.1875
Theobromine,J24,J,24,24.404,21,1.162095238095238,223639.9090909091,0.13649669363372166,44,0.015026296018031557,1,0.9375,0.1875
Paraxanthine,J24,J,24,10.099,21,0.4809047619047619,223639.9090909091,0.13649669363372166,44,0.015026296018031557,1,0.9375,0.1875
Theophylline,J24,J,24,NA,21,NA,223639.9090909091,0.13649669363372166,44,0.015026296018031557,1,0.9375,0.1875
Catechin,J24,J,24,13.915,21,0.6626190476190476,223639.9090909091,0.13649669363372166,44,0.015026296018031557,1,0.9375,0.1875
Epigallocatechin,J24,J,24,342.65,21,16.316666666666666,223639.9090909091,0.13649669363372166,44,0.015026296018031557,1,0.9375,0.1875
Caffeine,J24,J,24,836,21,39.80952380952381,223639.9090909091,0.13649669363372166,44,0.015026296018031557,1,0.9375,0.1875
Epigallocatechin gallate,J24,J,24,1446.4,21,68.87619047619049,223639.9090909091,0.13649669363372166,44,0.015026296018031557,1,0.9375,0.1875
Epicatechin,J24,J,24,174.31,21,8.300476190476191,223639.9090909091,0.13649669363372166,44,0.015026296018031557,1,0.9375,0.1875
Gallocatechin gallate,J24,J,24,7.5792,21,0.36091428571428574,223639.9090909091,0.13649669363372166,44,0.015026296018031557,1,0.9375,0.1875
Epicatechin gallate,J24,J,24,296.54,21,14.120952380952382,223639.9090909091,0.13649669363372166,44,0.015026296018031557,1,0.9375,0.1875
Catechin gallate,J24,J,24,NA,21,NA,223639.9090909091,0.13649669363372166,44,0.015026296018031557,1,0.9375,0.1875
L-theanine,J23,J,23,76.801,20.7,3.710193236714976,296012.97222222225,8.609636723125009,36,0.26413088014360137,0.5,0.5,0.16666666666666666
Gallic acid,J23,J,23,NA,20.7,NA,296012.97222222225,8.609636723125009,36,0.26413088014360137,0.5,0.5,0.16666666666666666
Gallocatechin,J23,J,23,57.805,20.7,2.792512077294686,296012.97222222225,8.609636723125009,36,0.26413088014360137,0.5,0.5,0.16666666666666666
Theobromine,J23,J,23,26.314,20.7,1.271207729468599,296012.97222222225,8.609636723125009,36,0.26413088014360137,0.5,0.5,0.16666666666666666
Paraxanthine,J23,J,23,10.099,20.7,0.48787439613526573,296012.97222222225,8.609636723125009,36,0.26413088014360137,0.5,0.5,0.16666666666666666
Theophylline,J23,J,23,NA,20.7,NA,296012.97222222225,8.609636723125009,36,0.26413088014360137,0.5,0.5,0.16666666666666666
Catechin,J23,J,23,8.3398,20.7,0.4028888888888889,296012.97222222225,8.609636723125009,36,0.26413088014360137,0.5,0.5,0.16666666666666666
Epigallocatechin,J23,J,23,398.14,20.7,19.23381642512077,296012.97222222225,8.609636723125009,36,0.26413088014360137,0.5,0.5,0.16666666666666666
Caffeine,J23,J,23,985.36,20.7,47.60193236714976,296012.97222222225,8.609636723125009,36,0.26413088014360137,0.5,0.5,0.16666666666666666
Epigallocatechin gallate,J23,J,23,1891.5,20.7,91.3768115942029,296012.97222222225,8.609636723125009,36,0.26413088014360137,0.5,0.5,0.16666666666666666
Epicatechin,J23,J,23,143.35,20.7,6.92512077294686,296012.97222222225,8.609636723125009,36,0.26413088014360137,0.5,0.5,0.16666666666666666
Gallocatechin gallate,J23,J,23,2.8119,20.7,0.13584057971014493,296012.97222222225,8.609636723125009,36,0.26413088014360137,0.5,0.5,0.16666666666666666
Epicatechin gallate,J23,J,23,315.95,20.7,15.26328502415459,296012.97222222225,8.609636723125009,36,0.26413088014360137,0.5,0.5,0.16666666666666666
Catechin gallate,J23,J,23,NA,20.7,NA,296012.97222222225,8.609636723125009,36,0.26413088014360137,0.5,0.5,0.16666666666666666
L-theanine,J22,J,22,104.18,20.6,5.057281553398059,299204.5882352941,0.10323387385147621,51,0.0430248581383174,0.25,0.20833333333333334,0.08333333333333333
Gallic acid,J22,J,22,NA,20.6,NA,299204.5882352941,0.10323387385147621,51,0.0430248581383174,0.25,0.20833333333333334,0.08333333333333333
Gallocatechin,J22,J,22,67.882,20.6,3.2952427184466018,299204.5882352941,0.10323387385147621,51,0.0430248581383174,0.25,0.20833333333333334,0.08333333333333333
Theobromine,J22,J,22,15.264,20.6,0.7409708737864077,299204.5882352941,0.10323387385147621,51,0.0430248581383174,0.25,0.20833333333333334,0.08333333333333333
Paraxanthine,J22,J,22,10.099,20.6,0.49024271844660194,299204.5882352941,0.10323387385147621,51,0.0430248581383174,0.25,0.20833333333333334,0.08333333333333333
Theophylline,J22,J,22,NA,20.6,NA,299204.5882352941,0.10323387385147621,51,0.0430248581383174,0.25,0.20833333333333334,0.08333333333333333
Catechin,J22,J,22,8.6983,20.6,0.42224757281553393,299204.5882352941,0.10323387385147621,51,0.0430248581383174,0.25,0.20833333333333334,0.08333333333333333
Epigallocatechin,J22,J,22,390.02,20.6,18.933009708737863,299204.5882352941,0.10323387385147621,51,0.0430248581383174,0.25,0.20833333333333334,0.08333333333333333
Caffeine,J22,J,22,703.73,20.6,34.161650485436894,299204.5882352941,0.10323387385147621,51,0.0430248581383174,0.25,0.20833333333333334,0.08333333333333333
Epigallocatechin gallate,J22,J,22,1338.6,20.6,64.98058252427184,299204.5882352941,0.10323387385147621,51,0.0430248581383174,0.25,0.20833333333333334,0.08333333333333333
Epicatechin,J22,J,22,205.23,20.6,9.9626213592233,299204.5882352941,0.10323387385147621,51,0.0430248581383174,0.25,0.20833333333333334,0.08333333333333333
Gallocatechin gallate,J22,J,22,7.7732,20.6,0.3773398058252427,299204.5882352941,0.10323387385147621,51,0.0430248581383174,0.25,0.20833333333333334,0.08333333333333333
Epicatechin gallate,J22,J,22,275.52,20.6,13.374757281553396,299204.5882352941,0.10323387385147621,51,0.0430248581383174,0.25,0.20833333333333334,0.08333333333333333
Catechin gallate,J22,J,22,NA,20.6,NA,299204.5882352941,0.10323387385147621,51,0.0430248581383174,0.25,0.20833333333333334,0.08333333333333333
L-theanine,J21,J,21,78.128,20.3,3.848669950738916,247096.50943396226,0.1340812476703629,53,0.12490399170786634,0,0,0.045454545454545456
Gallic acid,J21,J,21,NA,20.3,NA,247096.50943396226,0.1340812476703629,53,0.12490399170786634,0,0,0.045454545454545456
Gallocatechin,J21,J,21,73.912,20.3,3.640985221674877,247096.50943396226,0.1340812476703629,53,0.12490399170786634,0,0,0.045454545454545456
Theobromine,J21,J,21,18.786,20.3,0.9254187192118227,247096.50943396226,0.1340812476703629,53,0.12490399170786634,0,0,0.045454545454545456
Paraxanthine,J21,J,21,10.099,20.3,0.497487684729064,247096.50943396226,0.1340812476703629,53,0.12490399170786634,0,0,0.045454545454545456
Theophylline,J21,J,21,NA,20.3,NA,247096.50943396226,0.1340812476703629,53,0.12490399170786634,0,0,0.045454545454545456
Catechin,J21,J,21,8.1092,20.3,0.39946798029556646,247096.50943396226,0.1340812476703629,53,0.12490399170786634,0,0,0.045454545454545456
Epigallocatechin,J21,J,21,337.12,20.3,16.606896551724137,247096.50943396226,0.1340812476703629,53,0.12490399170786634,0,0,0.045454545454545456
Caffeine,J21,J,21,688.33,20.3,33.90788177339901,247096.50943396226,0.1340812476703629,53,0.12490399170786634,0,0,0.045454545454545456
Epigallocatechin gallate,J21,J,21,1374.7,20.3,67.7192118226601,247096.50943396226,0.1340812476703629,53,0.12490399170786634,0,0,0.045454545454545456
Epicatechin,J21,J,21,152.53,20.3,7.5137931034482754,247096.50943396226,0.1340812476703629,53,0.12490399170786634,0,0,0.045454545454545456
Gallocatechin gallate,J21,J,21,10.375,20.3,0.5110837438423645,247096.50943396226,0.1340812476703629,53,0.12490399170786634,0,0,0.045454545454545456
Epicatechin gallate,J21,J,21,258.23,20.3,12.720689655172414,247096.50943396226,0.1340812476703629,53,0.12490399170786634,0,0,0.045454545454545456
Catechin gallate,J21,J,21,NA,20.3,NA,247096.50943396226,0.1340812476703629,53,0.12490399170786634,0,0,0.045454545454545456
L-theanine,J20,J,20,48.218,20.8,2.318173076923077,246757.83783783784,0.10108897288823776,37,0.3075376290031641,0,0,0
Gallic acid,J20,J,20,NA,20.8,NA,246757.83783783784,0.10108897288823776,37,0.3075376290031641,0,0,0
Gallocatechin,J20,J,20,43.59,20.8,2.095673076923077,246757.83783783784,0.10108897288823776,37,0.3075376290031641,0,0,0
Theobromine,J20,J,20,12.394,20.8,0.5958653846153846,246757.83783783784,0.10108897288823776,37,0.3075376290031641,0,0,0
Paraxanthine,J20,J,20,10.099,20.8,0.48552884615384617,246757.83783783784,0.10108897288823776,37,0.3075376290031641,0,0,0
Theophylline,J20,J,20,NA,20.8,NA,246757.83783783784,0.10108897288823776,37,0.3075376290031641,0,0,0
Catechin,J20,J,20,5.181,20.8,0.24908653846153844,246757.83783783784,0.10108897288823776,37,0.3075376290031641,0,0,0
Epigallocatechin,J20,J,20,312.4,20.8,15.019230769230768,246757.83783783784,0.10108897288823776,37,0.3075376290031641,0,0,0
Caffeine,J20,J,20,739.31,20.8,35.543749999999996,246757.83783783784,0.10108897288823776,37,0.3075376290031641,0,0,0
Epigallocatechin gallate,J20,J,20,1504.1,20.8,72.3125,246757.83783783784,0.10108897288823776,37,0.3075376290031641,0,0,0
Epicatechin,J20,J,20,159.34,20.8,7.660576923076923,246757.83783783784,0.10108897288823776,37,0.3075376290031641,0,0,0
Gallocatechin gallate,J20,J,20,9.9487,20.8,0.4783028846153846,246757.83783783784,0.10108897288823776,37,0.3075376290031641,0,0,0
Epicatechin gallate,J20,J,20,307.28,20.8,14.773076923076921,246757.83783783784,0.10108897288823776,37,0.3075376290031641,0,0,0
Catechin gallate,J20,J,20,NA,20.8,NA,246757.83783783784,0.10108897288823776,37,0.3075376290031641,0,0,0
L-theanine,J19,J,19,23.466,21,1.1174285714285714,247991.8918918919,0.10639129792533887,37,0.00935809566821889,0.5,0.5,0.1875
Gallic acid,J19,J,19,NA,21,NA,247991.8918918919,0.10639129792533887,37,0.00935809566821889,0.5,0.5,0.1875
Gallocatechin,J19,J,19,49.347,21,2.349857142857143,247991.8918918919,0.10639129792533887,37,0.00935809566821889,0.5,0.5,0.1875
Theobromine,J19,J,19,9.6561,21,0.45981428571428573,247991.8918918919,0.10639129792533887,37,0.00935809566821889,0.5,0.5,0.1875
Paraxanthine,J19,J,19,10.099,21,0.4809047619047619,247991.8918918919,0.10639129792533887,37,0.00935809566821889,0.5,0.5,0.1875
Theophylline,J19,J,19,NA,21,NA,247991.8918918919,0.10639129792533887,37,0.00935809566821889,0.5,0.5,0.1875
Catechin,J19,J,19,NA,21,NA,247991.8918918919,0.10639129792533887,37,0.00935809566821889,0.5,0.5,0.1875
Epigallocatechin,J19,J,19,359.16,21,17.102857142857143,247991.8918918919,0.10639129792533887,37,0.00935809566821889,0.5,0.5,0.1875
Caffeine,J19,J,19,701.56,21,33.40761904761904,247991.8918918919,0.10639129792533887,37,0.00935809566821889,0.5,0.5,0.1875
Epigallocatechin gallate,J19,J,19,1541.8,21,73.41904761904762,247991.8918918919,0.10639129792533887,37,0.00935809566821889,0.5,0.5,0.1875
Epicatechin,J19,J,19,177.06,21,8.431428571428572,247991.8918918919,0.10639129792533887,37,0.00935809566821889,0.5,0.5,0.1875
Gallocatechin gallate,J19,J,19,7.3516,21,0.3500761904761905,247991.8918918919,0.10639129792533887,37,0.00935809566821889,0.5,0.5,0.1875
Epicatechin gallate,J19,J,19,285.8,21,13.609523809523811,247991.8918918919,0.10639129792533887,37,0.00935809566821889,0.5,0.5,0.1875
Catechin gallate,J19,J,19,NA,21,NA,247991.8918918919,0.10639129792533887,37,0.00935809566821889,0.5,0.5,0.1875
L-theanine,J18,J,18,40.067,20.7,1.9356038647342997,249389.0294117647,0.11633553003947804,34,0.23164631710578878,0.5,0.5263157894736842,0.10526315789473684
Gallic acid,J18,J,18,NA,20.7,NA,249389.0294117647,0.11633553003947804,34,0.23164631710578878,0.5,0.5263157894736842,0.10526315789473684
Gallocatechin,J18,J,18,62.812,20.7,3.0343961352657005,249389.0294117647,0.11633553003947804,34,0.23164631710578878,0.5,0.5263157894736842,0.10526315789473684
Theobromine,J18,J,18,20.913,20.7,1.0102898550724637,249389.0294117647,0.11633553003947804,34,0.23164631710578878,0.5,0.5263157894736842,0.10526315789473684
Paraxanthine,J18,J,18,10.099,20.7,0.48787439613526573,249389.0294117647,0.11633553003947804,34,0.23164631710578878,0.5,0.5263157894736842,0.10526315789473684
Theophylline,J18,J,18,NA,20.7,NA,249389.0294117647,0.11633553003947804,34,0.23164631710578878,0.5,0.5263157894736842,0.10526315789473684
Catechin,J18,J,18,10.147,20.7,0.4901932367149759,249389.0294117647,0.11633553003947804,34,0.23164631710578878,0.5,0.5263157894736842,0.10526315789473684
Epigallocatechin,J18,J,18,306.6,20.7,14.811594202898553,249389.0294117647,0.11633553003947804,34,0.23164631710578878,0.5,0.5263157894736842,0.10526315789473684
Caffeine,J18,J,18,669.17,20.7,32.327053140096616,249389.0294117647,0.11633553003947804,34,0.23164631710578878,0.5,0.5263157894736842,0.10526315789473684
Epigallocatechin gallate,J18,J,18,1380.5,20.7,66.69082125603865,249389.0294117647,0.11633553003947804,34,0.23164631710578878,0.5,0.5263157894736842,0.10526315789473684
Epicatechin,J18,J,18,147.27,20.7,7.114492753623189,249389.0294117647,0.11633553003947804,34,0.23164631710578878,0.5,0.5263157894736842,0.10526315789473684
Gallocatechin gallate,J18,J,18,10.238,20.7,0.4945893719806763,249389.0294117647,0.11633553003947804,34,0.23164631710578878,0.5,0.5263157894736842,0.10526315789473684
Epicatechin gallate,J18,J,18,266.42,20.7,12.870531400966184,249389.0294117647,0.11633553003947804,34,0.23164631710578878,0.5,0.5263157894736842,0.10526315789473684
Catechin gallate,J18,J,18,NA,20.7,NA,249389.0294117647,0.11633553003947804,34,0.23164631710578878,0.5,0.5263157894736842,0.10526315789473684
L-theanine,J17,J,17,61.649,20.9,2.9497129186602873,292132.26829268294,0.5314424072065345,41,0.0013732962543344662,0,0,0
Gallic acid,J17,J,17,NA,20.9,NA,292132.26829268294,0.5314424072065345,41,0.0013732962543344662,0,0,0
Gallocatechin,J17,J,17,76.652,20.9,3.6675598086124404,292132.26829268294,0.5314424072065345,41,0.0013732962543344662,0,0,0
Theobromine,J17,J,17,25.491,20.9,1.219665071770335,292132.26829268294,0.5314424072065345,41,0.0013732962543344662,0,0,0
Paraxanthine,J17,J,17,10.099,20.9,0.4832057416267943,292132.26829268294,0.5314424072065345,41,0.0013732962543344662,0,0,0
Theophylline,J17,J,17,NA,20.9,NA,292132.26829268294,0.5314424072065345,41,0.0013732962543344662,0,0,0
Catechin,J17,J,17,10.071,20.9,0.481866028708134,292132.26829268294,0.5314424072065345,41,0.0013732962543344662,0,0,0
Epigallocatechin,J17,J,17,345.64,20.9,16.5377990430622,292132.26829268294,0.5314424072065345,41,0.0013732962543344662,0,0,0
Caffeine,J17,J,17,669.59,20.9,32.03779904306221,292132.26829268294,0.5314424072065345,41,0.0013732962543344662,0,0,0
Epigallocatechin gallate,J17,J,17,1393,20.9,66.65071770334929,292132.26829268294,0.5314424072065345,41,0.0013732962543344662,0,0,0
Epicatechin,J17,J,17,162.19,20.9,7.760287081339714,292132.26829268294,0.5314424072065345,41,0.0013732962543344662,0,0,0
Gallocatechin gallate,J17,J,17,7.1473,20.9,0.341976076555024,292132.26829268294,0.5314424072065345,41,0.0013732962543344662,0,0,0
Epicatechin gallate,J17,J,17,260.36,20.9,12.457416267942586,292132.26829268294,0.5314424072065345,41,0.0013732962543344662,0,0,0
Catechin gallate,J17,J,17,NA,20.9,NA,292132.26829268294,0.5314424072065345,41,0.0013732962543344662,0,0,0
L-theanine,J16,J,16,53.07,20.6,2.5762135922330094,253521.38775510204,0.2457366178730911,49,0.36632301798339767,1,1,0.4
Gallic acid,J16,J,16,2.4365,20.6,0.11827669902912621,253521.38775510204,0.2457366178730911,49,0.36632301798339767,1,1,0.4
Gallocatechin,J16,J,16,74.717,20.6,3.627038834951456,253521.38775510204,0.2457366178730911,49,0.36632301798339767,1,1,0.4
Theobromine,J16,J,16,28.498,20.6,1.3833980582524272,253521.38775510204,0.2457366178730911,49,0.36632301798339767,1,1,0.4
Paraxanthine,J16,J,16,10.099,20.6,0.49024271844660194,253521.38775510204,0.2457366178730911,49,0.36632301798339767,1,1,0.4
Theophylline,J16,J,16,NA,20.6,NA,253521.38775510204,0.2457366178730911,49,0.36632301798339767,1,1,0.4
Catechin,J16,J,16,9.6072,20.6,0.46636893203883495,253521.38775510204,0.2457366178730911,49,0.36632301798339767,1,1,0.4
Epigallocatechin,J16,J,16,340.7,20.6,16.53883495145631,253521.38775510204,0.2457366178730911,49,0.36632301798339767,1,1,0.4
Caffeine,J16,J,16,602.22,20.6,29.23398058252427,253521.38775510204,0.2457366178730911,49,0.36632301798339767,1,1,0.4
Epigallocatechin gallate,J16,J,16,1355.4,20.6,65.79611650485437,253521.38775510204,0.2457366178730911,49,0.36632301798339767,1,1,0.4
Epicatechin,J16,J,16,174.86,20.6,8.488349514563106,253521.38775510204,0.2457366178730911,49,0.36632301798339767,1,1,0.4
Gallocatechin gallate,J16,J,16,7.745,20.6,0.37597087378640776,253521.38775510204,0.2457366178730911,49,0.36632301798339767,1,1,0.4
Epicatechin gallate,J16,J,16,265.53,20.6,12.889805825242716,253521.38775510204,0.2457366178730911,49,0.36632301798339767,1,1,0.4
Catechin gallate,J16,J,16,NA,20.6,NA,253521.38775510204,0.2457366178730911,49,0.36632301798339767,1,1,0.4
L-theanine,J15,J,15,64.093,20.3,3.1572906403940886,271005.13157894736,0.061071050027524575,38,0.16155627493058838,1,1,0.14285714285714285
Gallic acid,J15,J,15,NA,20.3,NA,271005.13157894736,0.061071050027524575,38,0.16155627493058838,1,1,0.14285714285714285
Gallocatechin,J15,J,15,76.417,20.3,3.764384236453202,271005.13157894736,0.061071050027524575,38,0.16155627493058838,1,1,0.14285714285714285
Theobromine,J15,J,15,35.474,20.3,1.747487684729064,271005.13157894736,0.061071050027524575,38,0.16155627493058838,1,1,0.14285714285714285
Paraxanthine,J15,J,15,10.099,20.3,0.497487684729064,271005.13157894736,0.061071050027524575,38,0.16155627493058838,1,1,0.14285714285714285
Theophylline,J15,J,15,NA,20.3,NA,271005.13157894736,0.061071050027524575,38,0.16155627493058838,1,1,0.14285714285714285
Catechin,J15,J,15,10.997,20.3,0.5417241379310345,271005.13157894736,0.061071050027524575,38,0.16155627493058838,1,1,0.14285714285714285
Epigallocatechin,J15,J,15,363.96,20.3,17.929064039408864,271005.13157894736,0.061071050027524575,38,0.16155627493058838,1,1,0.14285714285714285
Caffeine,J15,J,15,821.62,20.3,40.473891625615764,271005.13157894736,0.061071050027524575,38,0.16155627493058838,1,1,0.14285714285714285
Epigallocatechin gallate,J15,J,15,1549.1,20.3,76.3103448275862,271005.13157894736,0.061071050027524575,38,0.16155627493058838,1,1,0.14285714285714285
Epicatechin,J15,J,15,171.94,20.3,8.469950738916255,271005.13157894736,0.061071050027524575,38,0.16155627493058838,1,1,0.14285714285714285
Gallocatechin gallate,J15,J,15,8.8023,20.3,0.43361083743842366,271005.13157894736,0.061071050027524575,38,0.16155627493058838,1,1,0.14285714285714285
Epicatechin gallate,J15,J,15,300.62,20.3,14.808866995073892,271005.13157894736,0.061071050027524575,38,0.16155627493058838,1,1,0.14285714285714285
Catechin gallate,J15,J,15,NA,20.3,NA,271005.13157894736,0.061071050027524575,38,0.16155627493058838,1,1,0.14285714285714285
L-theanine,J14,J,14,81.688,20.9,3.908516746411484,269936.74,0.11598941778869894,50,0.008368988712326475,0.25,0.23809523809523808,0.047619047619047616
Gallic acid,J14,J,14,0.3538,20.9,0.01692822966507177,269936.74,0.11598941778869894,50,0.008368988712326475,0.25,0.23809523809523808,0.047619047619047616
Gallocatechin,J14,J,14,79.57,20.9,3.807177033492823,269936.74,0.11598941778869894,50,0.008368988712326475,0.25,0.23809523809523808,0.047619047619047616
Theobromine,J14,J,14,27.54,20.9,1.3177033492822967,269936.74,0.11598941778869894,50,0.008368988712326475,0.25,0.23809523809523808,0.047619047619047616
Paraxanthine,J14,J,14,10.099,20.9,0.4832057416267943,269936.74,0.11598941778869894,50,0.008368988712326475,0.25,0.23809523809523808,0.047619047619047616
Theophylline,J14,J,14,NA,20.9,NA,269936.74,0.11598941778869894,50,0.008368988712326475,0.25,0.23809523809523808,0.047619047619047616
Catechin,J14,J,14,11.81,20.9,0.5650717703349283,269936.74,0.11598941778869894,50,0.008368988712326475,0.25,0.23809523809523808,0.047619047619047616
Epigallocatechin,J14,J,14,356.18,20.9,17.042105263157897,269936.74,0.11598941778869894,50,0.008368988712326475,0.25,0.23809523809523808,0.047619047619047616
Caffeine,J14,J,14,754.94,20.9,36.12153110047847,269936.74,0.11598941778869894,50,0.008368988712326475,0.25,0.23809523809523808,0.047619047619047616
Epigallocatechin gallate,J14,J,14,1426.2,20.9,68.23923444976077,269936.74,0.11598941778869894,50,0.008368988712326475,0.25,0.23809523809523808,0.047619047619047616
Epicatechin,J14,J,14,167.89,20.9,8.033014354066985,269936.74,0.11598941778869894,50,0.008368988712326475,0.25,0.23809523809523808,0.047619047619047616
Gallocatechin gallate,J14,J,14,6.9381,20.9,0.3319665071770335,269936.74,0.11598941778869894,50,0.008368988712326475,0.25,0.23809523809523808,0.047619047619047616
Epicatechin gallate,J14,J,14,270.58,20.9,12.94641148325359,269936.74,0.11598941778869894,50,0.008368988712326475,0.25,0.23809523809523808,0.047619047619047616
Catechin gallate,J14,J,14,NA,20.9,NA,269936.74,0.11598941778869894,50,0.008368988712326475,0.25,0.23809523809523808,0.047619047619047616
L-theanine,J13,J,13,55.532,20.4,2.722156862745098,248575.84615384616,0.7938703908320338,39,NA,1,1,0.13043478260869565
Gallic acid,J13,J,13,NA,20.4,NA,248575.84615384616,0.7938703908320338,39,NA,1,1,0.13043478260869565
Gallocatechin,J13,J,13,81.101,20.4,3.9755392156862746,248575.84615384616,0.7938703908320338,39,NA,1,1,0.13043478260869565
Theobromine,J13,J,13,23.35,20.4,1.144607843137255,248575.84615384616,0.7938703908320338,39,NA,1,1,0.13043478260869565
Paraxanthine,J13,J,13,10.099,20.4,0.4950490196078432,248575.84615384616,0.7938703908320338,39,NA,1,1,0.13043478260869565
Theophylline,J13,J,13,NA,20.4,NA,248575.84615384616,0.7938703908320338,39,NA,1,1,0.13043478260869565
Catechin,J13,J,13,9.0521,20.4,0.4437303921568627,248575.84615384616,0.7938703908320338,39,NA,1,1,0.13043478260869565
Epigallocatechin,J13,J,13,356.63,20.4,17.48186274509804,248575.84615384616,0.7938703908320338,39,NA,1,1,0.13043478260869565
Caffeine,J13,J,13,658.34,20.4,32.27156862745098,248575.84615384616,0.7938703908320338,39,NA,1,1,0.13043478260869565
Epigallocatechin gallate,J13,J,13,1397.2,20.4,68.49019607843138,248575.84615384616,0.7938703908320338,39,NA,1,1,0.13043478260869565
Epicatechin,J13,J,13,161.27,20.4,7.905392156862746,248575.84615384616,0.7938703908320338,39,NA,1,1,0.13043478260869565
Gallocatechin gallate,J13,J,13,5.3966,20.4,0.26453921568627453,248575.84615384616,0.7938703908320338,39,NA,1,1,0.13043478260869565
Epicatechin gallate,J13,J,13,262.25,20.4,12.855392156862745,248575.84615384616,0.7938703908320338,39,NA,1,1,0.13043478260869565
Catechin gallate,J13,J,13,NA,20.4,NA,248575.84615384616,0.7938703908320338,39,NA,1,1,0.13043478260869565
L-theanine,J12,J,12,154.65,20.1,7.6940298507462686,228871.38888888888,0.2523624123905601,36,NA,0,0,0
Gallic acid,J12,J,12,NA,20.1,NA,228871.38888888888,0.2523624123905601,36,NA,0,0,0
Gallocatechin,J12,J,12,71.357,20.1,3.550099502487562,228871.38888888888,0.2523624123905601,36,NA,0,0,0
Theobromine,J12,J,12,11.942,20.1,0.5941293532338308,228871.38888888888,0.2523624123905601,36,NA,0,0,0
Paraxanthine,J12,J,12,10.099,20.1,0.5024378109452736,228871.38888888888,0.2523624123905601,36,NA,0,0,0
Theophylline,J12,J,12,NA,20.1,NA,228871.38888888888,0.2523624123905601,36,NA,0,0,0
Catechin,J12,J,12,7.1669,20.1,0.35656218905472636,228871.38888888888,0.2523624123905601,36,NA,0,0,0
Epigallocatechin,J12,J,12,367.19,20.1,18.268159203980098,228871.38888888888,0.2523624123905601,36,NA,0,0,0
Caffeine,J12,J,12,501.64,20.1,24.957213930348257,228871.38888888888,0.2523624123905601,36,NA,0,0,0
Epigallocatechin gallate,J12,J,12,922.99,20.1,45.91990049751244,228871.38888888888,0.2523624123905601,36,NA,0,0,0
Epicatechin,J12,J,12,197.52,20.1,9.82686567164179,228871.38888888888,0.2523624123905601,36,NA,0,0,0
Gallocatechin gallate,J12,J,12,3.3885,20.1,0.1685820895522388,228871.38888888888,0.2523624123905601,36,NA,0,0,0
Epicatechin gallate,J12,J,12,192.85,20.1,9.59452736318408,228871.38888888888,0.2523624123905601,36,NA,0,0,0
Catechin gallate,J12,J,12,NA,20.1,NA,228871.38888888888,0.2523624123905601,36,NA,0,0,0
L-theanine,J11,J,11,165.67,20.7,8.003381642512077,296672.19444444444,0.11792748019239874,72,0.03919764132453943,0.75,0.7619047619047619,0.3333333333333333
Gallic acid,J11,J,11,NA,20.7,NA,296672.19444444444,0.11792748019239874,72,0.03919764132453943,0.75,0.7619047619047619,0.3333333333333333
Gallocatechin,J11,J,11,53.315,20.7,2.5756038647342994,296672.19444444444,0.11792748019239874,72,0.03919764132453943,0.75,0.7619047619047619,0.3333333333333333
Theobromine,J11,J,11,13.9,20.7,0.6714975845410629,296672.19444444444,0.11792748019239874,72,0.03919764132453943,0.75,0.7619047619047619,0.3333333333333333
Paraxanthine,J11,J,11,10.099,20.7,0.48787439613526573,296672.19444444444,0.11792748019239874,72,0.03919764132453943,0.75,0.7619047619047619,0.3333333333333333
Theophylline,J11,J,11,NA,20.7,NA,296672.19444444444,0.11792748019239874,72,0.03919764132453943,0.75,0.7619047619047619,0.3333333333333333
Catechin,J11,J,11,4.309,20.7,0.2081642512077295,296672.19444444444,0.11792748019239874,72,0.03919764132453943,0.75,0.7619047619047619,0.3333333333333333
Epigallocatechin,J11,J,11,344.23,20.7,16.629468599033817,296672.19444444444,0.11792748019239874,72,0.03919764132453943,0.75,0.7619047619047619,0.3333333333333333
Caffeine,J11,J,11,489.9,20.7,23.666666666666668,296672.19444444444,0.11792748019239874,72,0.03919764132453943,0.75,0.7619047619047619,0.3333333333333333
Epigallocatechin gallate,J11,J,11,911.91,20.7,44.053623188405794,296672.19444444444,0.11792748019239874,72,0.03919764132453943,0.75,0.7619047619047619,0.3333333333333333
Epicatechin,J11,J,11,166.02,20.7,8.020289855072464,296672.19444444444,0.11792748019239874,72,0.03919764132453943,0.75,0.7619047619047619,0.3333333333333333
Gallocatechin gallate,J11,J,11,4.8356,20.7,0.23360386473429953,296672.19444444444,0.11792748019239874,72,0.03919764132453943,0.75,0.7619047619047619,0.3333333333333333
Epicatechin gallate,J11,J,11,164.93,20.7,7.9676328502415465,296672.19444444444,0.11792748019239874,72,0.03919764132453943,0.75,0.7619047619047619,0.3333333333333333
Catechin gallate,J11,J,11,NA,20.7,NA,296672.19444444444,0.11792748019239874,72,0.03919764132453943,0.75,0.7619047619047619,0.3333333333333333
L-theanine,J10,J,10,75.365,20,3.7682499999999997,309740.90476190473,2.2053319318402362,42,0.02280815757424486,0.25,0.16666666666666666,0.1111111111111111
Gallic acid,J10,J,10,NA,20,NA,309740.90476190473,2.2053319318402362,42,0.02280815757424486,0.25,0.16666666666666666,0.1111111111111111
Gallocatechin,J10,J,10,80.081,20,4.00405,309740.90476190473,2.2053319318402362,42,0.02280815757424486,0.25,0.16666666666666666,0.1111111111111111
Theobromine,J10,J,10,25.158,20,1.2579,309740.90476190473,2.2053319318402362,42,0.02280815757424486,0.25,0.16666666666666666,0.1111111111111111
Paraxanthine,J10,J,10,10.099,20,0.50495,309740.90476190473,2.2053319318402362,42,0.02280815757424486,0.25,0.16666666666666666,0.1111111111111111
Theophylline,J10,J,10,NA,20,NA,309740.90476190473,2.2053319318402362,42,0.02280815757424486,0.25,0.16666666666666666,0.1111111111111111
Catechin,J10,J,10,9.5338,20,0.47668999999999995,309740.90476190473,2.2053319318402362,42,0.02280815757424486,0.25,0.16666666666666666,0.1111111111111111
Epigallocatechin,J10,J,10,346.7,20,17.335,309740.90476190473,2.2053319318402362,42,0.02280815757424486,0.25,0.16666666666666666,0.1111111111111111
Caffeine,J10,J,10,743.54,20,37.177,309740.90476190473,2.2053319318402362,42,0.02280815757424486,0.25,0.16666666666666666,0.1111111111111111
Epigallocatechin gallate,J10,J,10,1376.1,20,68.80499999999999,309740.90476190473,2.2053319318402362,42,0.02280815757424486,0.25,0.16666666666666666,0.1111111111111111
Epicatechin,J10,J,10,162.57,20,8.128499999999999,309740.90476190473,2.2053319318402362,42,0.02280815757424486,0.25,0.16666666666666666,0.1111111111111111
Gallocatechin gallate,J10,J,10,7.8672,20,0.39336000000000004,309740.90476190473,2.2053319318402362,42,0.02280815757424486,0.25,0.16666666666666666,0.1111111111111111
Epicatechin gallate,J10,J,10,259.44,20,12.972,309740.90476190473,2.2053319318402362,42,0.02280815757424486,0.25,0.16666666666666666,0.1111111111111111
Catechin gallate,J10,J,10,NA,20,NA,309740.90476190473,2.2053319318402362,42,0.02280815757424486,0.25,0.16666666666666666,0.1111111111111111
L-theanine,J9,J,9,62.276,20.2,3.082970297029703,267881.9347826087,0.03982436516607485,46,0.03486034075983093,0.75,0.7647058823529411,0.17647058823529413
Gallic acid,J9,J,9,NA,20.2,NA,267881.9347826087,0.03982436516607485,46,0.03486034075983093,0.75,0.7647058823529411,0.17647058823529413
Gallocatechin,J9,J,9,83.42,20.2,4.12970297029703,267881.9347826087,0.03982436516607485,46,0.03486034075983093,0.75,0.7647058823529411,0.17647058823529413
Theobromine,J9,J,9,34.492,20.2,1.7075247524752475,267881.9347826087,0.03982436516607485,46,0.03486034075983093,0.75,0.7647058823529411,0.17647058823529413
Paraxanthine,J9,J,9,10.099,20.2,0.49995049504950495,267881.9347826087,0.03982436516607485,46,0.03486034075983093,0.75,0.7647058823529411,0.17647058823529413
Theophylline,J9,J,9,NA,20.2,NA,267881.9347826087,0.03982436516607485,46,0.03486034075983093,0.75,0.7647058823529411,0.17647058823529413
Catechin,J9,J,9,9.2309,20.2,0.4569752475247525,267881.9347826087,0.03982436516607485,46,0.03486034075983093,0.75,0.7647058823529411,0.17647058823529413
Epigallocatechin,J9,J,9,371.91,20.2,18.411386138613864,267881.9347826087,0.03982436516607485,46,0.03486034075983093,0.75,0.7647058823529411,0.17647058823529413
Caffeine,J9,J,9,766.35,20.2,37.93811881188119,267881.9347826087,0.03982436516607485,46,0.03486034075983093,0.75,0.7647058823529411,0.17647058823529413
Epigallocatechin gallate,J9,J,9,1591.3,20.2,78.77722772277228,267881.9347826087,0.03982436516607485,46,0.03486034075983093,0.75,0.7647058823529411,0.17647058823529413
Epicatechin,J9,J,9,177.45,20.2,8.784653465346535,267881.9347826087,0.03982436516607485,46,0.03486034075983093,0.75,0.7647058823529411,0.17647058823529413
Gallocatechin gallate,J9,J,9,8.5267,20.2,0.4221138613861386,267881.9347826087,0.03982436516607485,46,0.03486034075983093,0.75,0.7647058823529411,0.17647058823529413
Epicatechin gallate,J9,J,9,293.26,20.2,14.517821782178219,267881.9347826087,0.03982436516607485,46,0.03486034075983093,0.75,0.7647058823529411,0.17647058823529413
Catechin gallate,J9,J,9,NA,20.2,NA,267881.9347826087,0.03982436516607485,46,0.03486034075983093,0.75,0.7647058823529411,0.17647058823529413
L-theanine,J8,J,8,73.814,20.9,3.5317703349282294,255167.43243243243,0.24815846910457678,37,0.19625466929439028,0.75,0.7058823529411765,0.11764705882352941
Gallic acid,J8,J,8,NA,20.9,NA,255167.43243243243,0.24815846910457678,37,0.19625466929439028,0.75,0.7058823529411765,0.11764705882352941
Gallocatechin,J8,J,8,89.84,20.9,4.298564593301436,255167.43243243243,0.24815846910457678,37,0.19625466929439028,0.75,0.7058823529411765,0.11764705882352941
Theobromine,J8,J,8,16.995,20.9,0.8131578947368422,255167.43243243243,0.24815846910457678,37,0.19625466929439028,0.75,0.7058823529411765,0.11764705882352941
Paraxanthine,J8,J,8,10.099,20.9,0.4832057416267943,255167.43243243243,0.24815846910457678,37,0.19625466929439028,0.75,0.7058823529411765,0.11764705882352941
Theophylline,J8,J,8,NA,20.9,NA,255167.43243243243,0.24815846910457678,37,0.19625466929439028,0.75,0.7058823529411765,0.11764705882352941
Catechin,J8,J,8,NA,20.9,NA,255167.43243243243,0.24815846910457678,37,0.19625466929439028,0.75,0.7058823529411765,0.11764705882352941
Epigallocatechin,J8,J,8,355.94,20.9,17.030622009569377,255167.43243243243,0.24815846910457678,37,0.19625466929439028,0.75,0.7058823529411765,0.11764705882352941
Caffeine,J8,J,8,687.29,20.9,32.88468899521531,255167.43243243243,0.24815846910457678,37,0.19625466929439028,0.75,0.7058823529411765,0.11764705882352941
Epigallocatechin gallate,J8,J,8,1458.7,20.9,69.79425837320575,255167.43243243243,0.24815846910457678,37,0.19625466929439028,0.75,0.7058823529411765,0.11764705882352941
Epicatechin,J8,J,8,177.32,20.9,8.48421052631579,255167.43243243243,0.24815846910457678,37,0.19625466929439028,0.75,0.7058823529411765,0.11764705882352941
Gallocatechin gallate,J8,J,8,5.1764,20.9,0.24767464114832538,255167.43243243243,0.24815846910457678,37,0.19625466929439028,0.75,0.7058823529411765,0.11764705882352941
Epicatechin gallate,J8,J,8,278.1,20.9,13.306220095693782,255167.43243243243,0.24815846910457678,37,0.19625466929439028,0.75,0.7058823529411765,0.11764705882352941
Catechin gallate,J8,J,8,NA,20.9,NA,255167.43243243243,0.24815846910457678,37,0.19625466929439028,0.75,0.7058823529411765,0.11764705882352941
L-theanine,J7,J,7,89.462,20.1,4.450845771144278,244209.97619047618,0.09176846931111465,42,0.009593104771462727,0.5,0.5,0.1875
Gallic acid,J7,J,7,NA,20.1,NA,244209.97619047618,0.09176846931111465,42,0.009593104771462727,0.5,0.5,0.1875
Gallocatechin,J7,J,7,85.875,20.1,4.272388059701492,244209.97619047618,0.09176846931111465,42,0.009593104771462727,0.5,0.5,0.1875
Theobromine,J7,J,7,21.658,20.1,1.0775124378109453,244209.97619047618,0.09176846931111465,42,0.009593104771462727,0.5,0.5,0.1875
Paraxanthine,J7,J,7,10.099,20.1,0.5024378109452736,244209.97619047618,0.09176846931111465,42,0.009593104771462727,0.5,0.5,0.1875
Theophylline,J7,J,7,NA,20.1,NA,244209.97619047618,0.09176846931111465,42,0.009593104771462727,0.5,0.5,0.1875
Catechin,J7,J,7,11.888,20.1,0.5914427860696517,244209.97619047618,0.09176846931111465,42,0.009593104771462727,0.5,0.5,0.1875
Epigallocatechin,J7,J,7,349.24,20.1,17.37512437810945,244209.97619047618,0.09176846931111465,42,0.009593104771462727,0.5,0.5,0.1875
Caffeine,J7,J,7,717.71,20.1,35.70696517412935,244209.97619047618,0.09176846931111465,42,0.009593104771462727,0.5,0.5,0.1875
Epigallocatechin gallate,J7,J,7,1269.3,20.1,63.14925373134328,244209.97619047618,0.09176846931111465,42,0.009593104771462727,0.5,0.5,0.1875
Epicatechin,J7,J,7,184.4,20.1,9.17412935323383,244209.97619047618,0.09176846931111465,42,0.009593104771462727,0.5,0.5,0.1875
Gallocatechin gallate,J7,J,7,3.8636,20.1,0.1922189054726368,244209.97619047618,0.09176846931111465,42,0.009593104771462727,0.5,0.5,0.1875
Epicatechin gallate,J7,J,7,277.28,20.1,13.795024875621888,244209.97619047618,0.09176846931111465,42,0.009593104771462727,0.5,0.5,0.1875
Catechin gallate,J7,J,7,NA,20.1,NA,244209.97619047618,0.09176846931111465,42,0.009593104771462727,0.5,0.5,0.1875
L-theanine,J6,J,6,43.6,21,2.0761904761904764,281039.58695652173,0.07202144166896558,46,0.028567777051053626,0.25,0.2777777777777778,0.2777777777777778
Gallic acid,J6,J,6,NA,21,NA,281039.58695652173,0.07202144166896558,46,0.028567777051053626,0.25,0.2777777777777778,0.2777777777777778
Gallocatechin,J6,J,6,91.883,21,4.375380952380953,281039.58695652173,0.07202144166896558,46,0.028567777051053626,0.25,0.2777777777777778,0.2777777777777778
Theobromine,J6,J,6,24.56,21,1.1695238095238094,281039.58695652173,0.07202144166896558,46,0.028567777051053626,0.25,0.2777777777777778,0.2777777777777778
Paraxanthine,J6,J,6,10.099,21,0.4809047619047619,281039.58695652173,0.07202144166896558,46,0.028567777051053626,0.25,0.2777777777777778,0.2777777777777778
Theophylline,J6,J,6,NA,21,NA,281039.58695652173,0.07202144166896558,46,0.028567777051053626,0.25,0.2777777777777778,0.2777777777777778
Catechin,J6,J,6,11.854,21,0.5644761904761905,281039.58695652173,0.07202144166896558,46,0.028567777051053626,0.25,0.2777777777777778,0.2777777777777778
Epigallocatechin,J6,J,6,358.13,21,17.053809523809523,281039.58695652173,0.07202144166896558,46,0.028567777051053626,0.25,0.2777777777777778,0.2777777777777778
Caffeine,J6,J,6,823.62,21,39.22,281039.58695652173,0.07202144166896558,46,0.028567777051053626,0.25,0.2777777777777778,0.2777777777777778
Epigallocatechin gallate,J6,J,6,1600.5,21,76.21428571428571,281039.58695652173,0.07202144166896558,46,0.028567777051053626,0.25,0.2777777777777778,0.2777777777777778
Epicatechin,J6,J,6,178.55,21,8.502380952380953,281039.58695652173,0.07202144166896558,46,0.028567777051053626,0.25,0.2777777777777778,0.2777777777777778
Gallocatechin gallate,J6,J,6,8.3807,21,0.3990809523809523,281039.58695652173,0.07202144166896558,46,0.028567777051053626,0.25,0.2777777777777778,0.2777777777777778
Epicatechin gallate,J6,J,6,303.58,21,14.456190476190475,281039.58695652173,0.07202144166896558,46,0.028567777051053626,0.25,0.2777777777777778,0.2777777777777778
Catechin gallate,J6,J,6,NA,21,NA,281039.58695652173,0.07202144166896558,46,0.028567777051053626,0.25,0.2777777777777778,0.2777777777777778
L-theanine,J5,J,5,68.446,20.2,3.3884158415841585,238921.3777777778,0.07439014025603832,45,0.022745098039215685,0.5,0.5294117647058824,0.17647058823529413
Gallic acid,J5,J,5,NA,20.2,NA,238921.3777777778,0.07439014025603832,45,0.022745098039215685,0.5,0.5294117647058824,0.17647058823529413
Gallocatechin,J5,J,5,59.925,20.2,2.9665841584158414,238921.3777777778,0.07439014025603832,45,0.022745098039215685,0.5,0.5294117647058824,0.17647058823529413
Theobromine,J5,J,5,18.931,20.2,0.9371782178217822,238921.3777777778,0.07439014025603832,45,0.022745098039215685,0.5,0.5294117647058824,0.17647058823529413
Paraxanthine,J5,J,5,10.099,20.2,0.49995049504950495,238921.3777777778,0.07439014025603832,45,0.022745098039215685,0.5,0.5294117647058824,0.17647058823529413
Theophylline,J5,J,5,NA,20.2,NA,238921.3777777778,0.07439014025603832,45,0.022745098039215685,0.5,0.5294117647058824,0.17647058823529413
Catechin,J5,J,5,7.5864,20.2,0.37556435643564356,238921.3777777778,0.07439014025603832,45,0.022745098039215685,0.5,0.5294117647058824,0.17647058823529413
Epigallocatechin,J5,J,5,305.73,20.2,15.135148514851487,238921.3777777778,0.07439014025603832,45,0.022745098039215685,0.5,0.5294117647058824,0.17647058823529413
Caffeine,J5,J,5,673.3,20.2,33.33168316831683,238921.3777777778,0.07439014025603832,45,0.022745098039215685,0.5,0.5294117647058824,0.17647058823529413
Epigallocatechin gallate,J5,J,5,1437.8,20.2,71.17821782178218,238921.3777777778,0.07439014025603832,45,0.022745098039215685,0.5,0.5294117647058824,0.17647058823529413
Epicatechin,J5,J,5,135.06,20.2,6.686138613861386,238921.3777777778,0.07439014025603832,45,0.022745098039215685,0.5,0.5294117647058824,0.17647058823529413
Gallocatechin gallate,J5,J,5,7.4388,20.2,0.36825742574257425,238921.3777777778,0.07439014025603832,45,0.022745098039215685,0.5,0.5294117647058824,0.17647058823529413
Epicatechin gallate,J5,J,5,266.08,20.2,13.172277227722772,238921.3777777778,0.07439014025603832,45,0.022745098039215685,0.5,0.5294117647058824,0.17647058823529413
Catechin gallate,J5,J,5,NA,20.2,NA,238921.3777777778,0.07439014025603832,45,0.022745098039215685,0.5,0.5294117647058824,0.17647058823529413
L-theanine,J4,J,4,93.403,20.9,4.469043062200957,339624.45,2.86192535099387,40,0.036306235201262825,1,1,0.42857142857142855
Gallic acid,J4,J,4,NA,20.9,NA,339624.45,2.86192535099387,40,0.036306235201262825,1,1,0.42857142857142855
Gallocatechin,J4,J,4,89.661,20.9,4.29,339624.45,2.86192535099387,40,0.036306235201262825,1,1,0.42857142857142855
Theobromine,J4,J,4,31.681,20.9,1.5158373205741629,339624.45,2.86192535099387,40,0.036306235201262825,1,1,0.42857142857142855
Paraxanthine,J4,J,4,10.099,20.9,0.4832057416267943,339624.45,2.86192535099387,40,0.036306235201262825,1,1,0.42857142857142855
Theophylline,J4,J,4,NA,20.9,NA,339624.45,2.86192535099387,40,0.036306235201262825,1,1,0.42857142857142855
Catechin,J4,J,4,10.252,20.9,0.49052631578947375,339624.45,2.86192535099387,40,0.036306235201262825,1,1,0.42857142857142855
Epigallocatechin,J4,J,4,378.95,20.9,18.13157894736842,339624.45,2.86192535099387,40,0.036306235201262825,1,1,0.42857142857142855
Caffeine,J4,J,4,759.4,20.9,36.334928229665074,339624.45,2.86192535099387,40,0.036306235201262825,1,1,0.42857142857142855
Epigallocatechin gallate,J4,J,4,1568.1,20.9,75.02870813397129,339624.45,2.86192535099387,40,0.036306235201262825,1,1,0.42857142857142855
Epicatechin,J4,J,4,173.67,20.9,8.30956937799043,339624.45,2.86192535099387,40,0.036306235201262825,1,1,0.42857142857142855
Gallocatechin gallate,J4,J,4,8.6178,20.9,0.41233492822966517,339624.45,2.86192535099387,40,0.036306235201262825,1,1,0.42857142857142855
Epicatechin gallate,J4,J,4,287.02,20.9,13.733014354066986,339624.45,2.86192535099387,40,0.036306235201262825,1,1,0.42857142857142855
Catechin gallate,J4,J,4,NA,20.9,NA,339624.45,2.86192535099387,40,0.036306235201262825,1,1,0.42857142857142855
L-theanine,J3,J,3,65.725,20.1,3.2699004975124373,260037.56818181818,2.0295319153938793,44,0.062027887058263724,0,0,0.05
Gallic acid,J3,J,3,NA,20.1,NA,260037.56818181818,2.0295319153938793,44,0.062027887058263724,0,0,0.05
Gallocatechin,J3,J,3,106.95,20.1,5.320895522388059,260037.56818181818,2.0295319153938793,44,0.062027887058263724,0,0,0.05
Theobromine,J3,J,3,22.217,20.1,1.105323383084577,260037.56818181818,2.0295319153938793,44,0.062027887058263724,0,0,0.05
Paraxanthine,J3,J,3,10.099,20.1,0.5024378109452736,260037.56818181818,2.0295319153938793,44,0.062027887058263724,0,0,0.05
Theophylline,J3,J,3,NA,20.1,NA,260037.56818181818,2.0295319153938793,44,0.062027887058263724,0,0,0.05
Catechin,J3,J,3,13.992,20.1,0.6961194029850746,260037.56818181818,2.0295319153938793,44,0.062027887058263724,0,0,0.05
Epigallocatechin,J3,J,3,406.7,20.1,20.23383084577114,260037.56818181818,2.0295319153938793,44,0.062027887058263724,0,0,0.05
Caffeine,J3,J,3,826.29,20.1,41.10895522388059,260037.56818181818,2.0295319153938793,44,0.062027887058263724,0,0,0.05
Epigallocatechin gallate,J3,J,3,1604.6,20.1,79.83084577114427,260037.56818181818,2.0295319153938793,44,0.062027887058263724,0,0,0.05
Epicatechin,J3,J,3,208.82,20.1,10.389054726368158,260037.56818181818,2.0295319153938793,44,0.062027887058263724,0,0,0.05
Gallocatechin gallate,J3,J,3,7.2377,20.1,0.3600845771144279,260037.56818181818,2.0295319153938793,44,0.062027887058263724,0,0,0.05
Epicatechin gallate,J3,J,3,323.06,20.1,16.072636815920397,260037.56818181818,2.0295319153938793,44,0.062027887058263724,0,0,0.05
Catechin gallate,J3,J,3,NA,20.1,NA,260037.56818181818,2.0295319153938793,44,0.062027887058263724,0,0,0.05
L-theanine,J2,J,2,53.113,20.6,2.5783009708737863,295626.5882352941,0.1192838189441112,34,0.5618013004152994,0.25,0.1875,0
Gallic acid,J2,J,2,NA,20.6,NA,295626.5882352941,0.1192838189441112,34,0.5618013004152994,0.25,0.1875,0
Gallocatechin,J2,J,2,90.947,20.6,4.4149029126213595,295626.5882352941,0.1192838189441112,34,0.5618013004152994,0.25,0.1875,0
Theobromine,J2,J,2,28.804,20.6,1.3982524271844659,295626.5882352941,0.1192838189441112,34,0.5618013004152994,0.25,0.1875,0
Paraxanthine,J2,J,2,10.099,20.6,0.49024271844660194,295626.5882352941,0.1192838189441112,34,0.5618013004152994,0.25,0.1875,0
Theophylline,J2,J,2,NA,20.6,NA,295626.5882352941,0.1192838189441112,34,0.5618013004152994,0.25,0.1875,0
Catechin,J2,J,2,10.61,20.6,0.5150485436893203,295626.5882352941,0.1192838189441112,34,0.5618013004152994,0.25,0.1875,0
Epigallocatechin,J2,J,2,383.33,20.6,18.608252427184464,295626.5882352941,0.1192838189441112,34,0.5618013004152994,0.25,0.1875,0
Caffeine,J2,J,2,770.45,20.6,37.400485436893206,295626.5882352941,0.1192838189441112,34,0.5618013004152994,0.25,0.1875,0
Epigallocatechin gallate,J2,J,2,1588,20.6,77.08737864077669,295626.5882352941,0.1192838189441112,34,0.5618013004152994,0.25,0.1875,0
Epicatechin,J2,J,2,179.14,20.6,8.696116504854368,295626.5882352941,0.1192838189441112,34,0.5618013004152994,0.25,0.1875,0
Gallocatechin gallate,J2,J,2,7.702,20.6,0.373883495145631,295626.5882352941,0.1192838189441112,34,0.5618013004152994,0.25,0.1875,0
Epicatechin gallate,J2,J,2,278.55,20.6,13.521844660194175,295626.5882352941,0.1192838189441112,34,0.5618013004152994,0.25,0.1875,0
Catechin gallate,J2,J,2,NA,20.6,NA,295626.5882352941,0.1192838189441112,34,0.5618013004152994,0.25,0.1875,0
L-theanine,J1,J,1,75.726,20.3,3.730344827586207,265036.7948717949,0.1692404488485661,39,0.1625229378328783,0.75,0.7647058823529411,0.4117647058823529
Gallic acid,J1,J,1,NA,20.3,NA,265036.7948717949,0.1692404488485661,39,0.1625229378328783,0.75,0.7647058823529411,0.4117647058823529
Gallocatechin,J1,J,1,102.62,20.3,5.055172413793104,265036.7948717949,0.1692404488485661,39,0.1625229378328783,0.75,0.7647058823529411,0.4117647058823529
Theobromine,J1,J,1,28.546,20.3,1.406206896551724,265036.7948717949,0.1692404488485661,39,0.1625229378328783,0.75,0.7647058823529411,0.4117647058823529
Paraxanthine,J1,J,1,10.099,20.3,0.497487684729064,265036.7948717949,0.1692404488485661,39,0.1625229378328783,0.75,0.7647058823529411,0.4117647058823529
Theophylline,J1,J,1,NA,20.3,NA,265036.7948717949,0.1692404488485661,39,0.1625229378328783,0.75,0.7647058823529411,0.4117647058823529
Catechin,J1,J,1,13.286,20.3,0.6544827586206896,265036.7948717949,0.1692404488485661,39,0.1625229378328783,0.75,0.7647058823529411,0.4117647058823529
Epigallocatechin,J1,J,1,425.78,20.3,20.9743842364532,265036.7948717949,0.1692404488485661,39,0.1625229378328783,0.75,0.7647058823529411,0.4117647058823529
Caffeine,J1,J,1,860.49,20.3,42.388669950738915,265036.7948717949,0.1692404488485661,39,0.1625229378328783,0.75,0.7647058823529411,0.4117647058823529
Epigallocatechin gallate,J1,J,1,1584.9,20.3,78.07389162561577,265036.7948717949,0.1692404488485661,39,0.1625229378328783,0.75,0.7647058823529411,0.4117647058823529
Epicatechin,J1,J,1,216.05,20.3,10.642857142857142,265036.7948717949,0.1692404488485661,39,0.1625229378328783,0.75,0.7647058823529411,0.4117647058823529
Gallocatechin gallate,J1,J,1,9.0612,20.3,0.4463645320197044,265036.7948717949,0.1692404488485661,39,0.1625229378328783,0.75,0.7647058823529411,0.4117647058823529
Epicatechin gallate,J1,J,1,326.21,20.3,16.069458128078818,265036.7948717949,0.1692404488485661,39,0.1625229378328783,0.75,0.7647058823529411,0.4117647058823529
Catechin gallate,J1,J,1,NA,20.3,NA,265036.7948717949,0.1692404488485661,39,0.1625229378328783,0.75,0.7647058823529411,0.4117647058823529
L-theanine,L21,L,21,50.932,20.8,2.4486538461538463,242560.09375,0.08506275502504015,64,0.0996168582375479,0,0,0
Gallic acid,L21,L,21,NA,20.8,NA,242560.09375,0.08506275502504015,64,0.0996168582375479,0,0,0
Gallocatechin,L21,L,21,42.233,20.8,2.0304326923076923,242560.09375,0.08506275502504015,64,0.0996168582375479,0,0,0
Theobromine,L21,L,21,6.4657,20.8,0.31085096153846153,242560.09375,0.08506275502504015,64,0.0996168582375479,0,0,0
Paraxanthine,L21,L,21,10.099,20.8,0.48552884615384617,242560.09375,0.08506275502504015,64,0.0996168582375479,0,0,0
Theophylline,L21,L,21,NA,20.8,NA,242560.09375,0.08506275502504015,64,0.0996168582375479,0,0,0
Catechin,L21,L,21,5.665,20.8,0.2723557692307692,242560.09375,0.08506275502504015,64,0.0996168582375479,0,0,0
Epigallocatechin,L21,L,21,267.7,20.8,12.870192307692307,242560.09375,0.08506275502504015,64,0.0996168582375479,0,0,0
Caffeine,L21,L,21,497.1,20.8,23.899038461538463,242560.09375,0.08506275502504015,64,0.0996168582375479,0,0,0
Epigallocatechin gallate,L21,L,21,1155.9,20.8,55.57211538461539,242560.09375,0.08506275502504015,64,0.0996168582375479,0,0,0
Epicatechin,L21,L,21,144.64,20.8,6.953846153846153,242560.09375,0.08506275502504015,64,0.0996168582375479,0,0,0
Gallocatechin gallate,L21,L,21,NA,20.8,NA,242560.09375,0.08506275502504015,64,0.0996168582375479,0,0,0
Epicatechin gallate,L21,L,21,277.05,20.8,13.319711538461538,242560.09375,0.08506275502504015,64,0.0996168582375479,0,0,0
Catechin gallate,L21,L,21,NA,20.8,NA,242560.09375,0.08506275502504015,64,0.0996168582375479,0,0,0
L-theanine,L20,L,20,61.177,20.3,3.0136453201970443,263932.53731343284,0.3221483972087184,67,0.09474004129156667,0.75,0.7407407407407407,0.2962962962962963
Gallic acid,L20,L,20,NA,20.3,NA,263932.53731343284,0.3221483972087184,67,0.09474004129156667,0.75,0.7407407407407407,0.2962962962962963
Gallocatechin,L20,L,20,47.712,20.3,2.350344827586207,263932.53731343284,0.3221483972087184,67,0.09474004129156667,0.75,0.7407407407407407,0.2962962962962963
Theobromine,L20,L,20,7.1089,20.3,0.35019211822660096,263932.53731343284,0.3221483972087184,67,0.09474004129156667,0.75,0.7407407407407407,0.2962962962962963
Paraxanthine,L20,L,20,10.099,20.3,0.497487684729064,263932.53731343284,0.3221483972087184,67,0.09474004129156667,0.75,0.7407407407407407,0.2962962962962963
Theophylline,L20,L,20,NA,20.3,NA,263932.53731343284,0.3221483972087184,67,0.09474004129156667,0.75,0.7407407407407407,0.2962962962962963
Catechin,L20,L,20,6.8813,20.3,0.3389802955665025,263932.53731343284,0.3221483972087184,67,0.09474004129156667,0.75,0.7407407407407407,0.2962962962962963
Epigallocatechin,L20,L,20,278.75,20.3,13.731527093596059,263932.53731343284,0.3221483972087184,67,0.09474004129156667,0.75,0.7407407407407407,0.2962962962962963
Caffeine,L20,L,20,444.75,20.3,21.90886699507389,263932.53731343284,0.3221483972087184,67,0.09474004129156667,0.75,0.7407407407407407,0.2962962962962963
Epigallocatechin gallate,L20,L,20,1227.9,20.3,60.48768472906404,263932.53731343284,0.3221483972087184,67,0.09474004129156667,0.75,0.7407407407407407,0.2962962962962963
Epicatechin,L20,L,20,160.32,20.3,7.897536945812807,263932.53731343284,0.3221483972087184,67,0.09474004129156667,0.75,0.7407407407407407,0.2962962962962963
Gallocatechin gallate,L20,L,20,6.9175,20.3,0.34076354679802956,263932.53731343284,0.3221483972087184,67,0.09474004129156667,0.75,0.7407407407407407,0.2962962962962963
Epicatechin gallate,L20,L,20,276.02,20.3,13.597044334975369,263932.53731343284,0.3221483972087184,67,0.09474004129156667,0.75,0.7407407407407407,0.2962962962962963
Catechin gallate,L20,L,20,NA,20.3,NA,263932.53731343284,0.3221483972087184,67,0.09474004129156667,0.75,0.7407407407407407,0.2962962962962963
L-theanine,L19,L,19,76.841,20.9,3.676602870813397,271593.9298245614,0.16212102547397245,57,0.35743342688155333,0.25,0.2608695652173913,0.08695652173913043
Gallic acid,L19,L,19,0.8551,20.9,0.040913875598086125,271593.9298245614,0.16212102547397245,57,0.35743342688155333,0.25,0.2608695652173913,0.08695652173913043
Gallocatechin,L19,L,19,38.289,20.9,1.8320095693779905,271593.9298245614,0.16212102547397245,57,0.35743342688155333,0.25,0.2608695652173913,0.08695652173913043
Theobromine,L19,L,19,4.462,20.9,0.21349282296650718,271593.9298245614,0.16212102547397245,57,0.35743342688155333,0.25,0.2608695652173913,0.08695652173913043
Paraxanthine,L19,L,19,10.099,20.9,0.4832057416267943,271593.9298245614,0.16212102547397245,57,0.35743342688155333,0.25,0.2608695652173913,0.08695652173913043
Theophylline,L19,L,19,NA,20.9,NA,271593.9298245614,0.16212102547397245,57,0.35743342688155333,0.25,0.2608695652173913,0.08695652173913043
Catechin,L19,L,19,5.6278,20.9,0.2692727272727273,271593.9298245614,0.16212102547397245,57,0.35743342688155333,0.25,0.2608695652173913,0.08695652173913043
Epigallocatechin,L19,L,19,258.84,20.9,12.38468899521531,271593.9298245614,0.16212102547397245,57,0.35743342688155333,0.25,0.2608695652173913,0.08695652173913043
Caffeine,L19,L,19,385.6,20.9,18.44976076555024,271593.9298245614,0.16212102547397245,57,0.35743342688155333,0.25,0.2608695652173913,0.08695652173913043
Epigallocatechin gallate,L19,L,19,1186.6,20.9,56.77511961722488,271593.9298245614,0.16212102547397245,57,0.35743342688155333,0.25,0.2608695652173913,0.08695652173913043
Epicatechin,L19,L,19,145.51,20.9,6.962200956937799,271593.9298245614,0.16212102547397245,57,0.35743342688155333,0.25,0.2608695652173913,0.08695652173913043
Gallocatechin gallate,L19,L,19,8.4994,20.9,0.4066698564593301,271593.9298245614,0.16212102547397245,57,0.35743342688155333,0.25,0.2608695652173913,0.08695652173913043
Epicatechin gallate,L19,L,19,268.85,20.9,12.863636363636365,271593.9298245614,0.16212102547397245,57,0.35743342688155333,0.25,0.2608695652173913,0.08695652173913043
Catechin gallate,L19,L,19,NA,20.9,NA,271593.9298245614,0.16212102547397245,57,0.35743342688155333,0.25,0.2608695652173913,0.08695652173913043
L-theanine,L17,L,17,57.748,21,2.749904761904762,322029.5,0.4385706010673412,36,0.3815969221333185,1,1,0.46153846153846156
Gallic acid,L17,L,17,3.8462,21,0.18315238095238096,322029.5,0.4385706010673412,36,0.3815969221333185,1,1,0.46153846153846156
Gallocatechin,L17,L,17,74.813,21,3.5625238095238094,322029.5,0.4385706010673412,36,0.3815969221333185,1,1,0.46153846153846156
Theobromine,L17,L,17,10.108,21,0.48133333333333334,322029.5,0.4385706010673412,36,0.3815969221333185,1,1,0.46153846153846156
Paraxanthine,L17,L,17,10.099,21,0.4809047619047619,322029.5,0.4385706010673412,36,0.3815969221333185,1,1,0.46153846153846156
Theophylline,L17,L,17,NA,21,NA,322029.5,0.4385706010673412,36,0.3815969221333185,1,1,0.46153846153846156
Catechin,L17,L,17,12.474,21,0.594,322029.5,0.4385706010673412,36,0.3815969221333185,1,1,0.46153846153846156
Epigallocatechin,L17,L,17,379.8,21,18.085714285714285,322029.5,0.4385706010673412,36,0.3815969221333185,1,1,0.46153846153846156
Caffeine,L17,L,17,777.04,21,37.00190476190476,322029.5,0.4385706010673412,36,0.3815969221333185,1,1,0.46153846153846156
Epigallocatechin gallate,L17,L,17,1860.9,21,88.61428571428571,322029.5,0.4385706010673412,36,0.3815969221333185,1,1,0.46153846153846156
Epicatechin,L17,L,17,236.34,21,11.254285714285714,322029.5,0.4385706010673412,36,0.3815969221333185,1,1,0.46153846153846156
Gallocatechin gallate,L17,L,17,11.808,21,0.5622857142857143,322029.5,0.4385706010673412,36,0.3815969221333185,1,1,0.46153846153846156
Epicatechin gallate,L17,L,17,447.57,21,21.312857142857144,322029.5,0.4385706010673412,36,0.3815969221333185,1,1,0.46153846153846156
Catechin gallate,L17,L,17,NA,21,NA,322029.5,0.4385706010673412,36,0.3815969221333185,1,1,0.46153846153846156
L-theanine,L16,L,16,55.331,20.5,2.6990731707317073,307242.01470588235,0.1131688822848547,68,0.04695215029929266,0.25,0.3076923076923077,0.2692307692307692
Gallic acid,L16,L,16,0.1199,20.5,0.0058487804878048786,307242.01470588235,0.1131688822848547,68,0.04695215029929266,0.25,0.3076923076923077,0.2692307692307692
Gallocatechin,L16,L,16,34.965,20.5,1.7056097560975612,307242.01470588235,0.1131688822848547,68,0.04695215029929266,0.25,0.3076923076923077,0.2692307692307692
Theobromine,L16,L,16,5.136,20.5,0.25053658536585366,307242.01470588235,0.1131688822848547,68,0.04695215029929266,0.25,0.3076923076923077,0.2692307692307692
Paraxanthine,L16,L,16,10.099,20.5,0.4926341463414634,307242.01470588235,0.1131688822848547,68,0.04695215029929266,0.25,0.3076923076923077,0.2692307692307692
Theophylline,L16,L,16,NA,20.5,NA,307242.01470588235,0.1131688822848547,68,0.04695215029929266,0.25,0.3076923076923077,0.2692307692307692
Catechin,L16,L,16,4.173,20.5,0.2035609756097561,307242.01470588235,0.1131688822848547,68,0.04695215029929266,0.25,0.3076923076923077,0.2692307692307692
Epigallocatechin,L16,L,16,251.03,20.5,12.245365853658537,307242.01470588235,0.1131688822848547,68,0.04695215029929266,0.25,0.3076923076923077,0.2692307692307692
Caffeine,L16,L,16,343.85,20.5,16.773170731707317,307242.01470588235,0.1131688822848547,68,0.04695215029929266,0.25,0.3076923076923077,0.2692307692307692
Epigallocatechin gallate,L16,L,16,1111.7,20.5,54.22926829268293,307242.01470588235,0.1131688822848547,68,0.04695215029929266,0.25,0.3076923076923077,0.2692307692307692
Epicatechin,L16,L,16,140.04,20.5,6.831219512195122,307242.01470588235,0.1131688822848547,68,0.04695215029929266,0.25,0.3076923076923077,0.2692307692307692
Gallocatechin gallate,L16,L,16,6.5842,20.5,0.32118048780487807,307242.01470588235,0.1131688822848547,68,0.04695215029929266,0.25,0.3076923076923077,0.2692307692307692
Epicatechin gallate,L16,L,16,260.35,20.5,12.700000000000001,307242.01470588235,0.1131688822848547,68,0.04695215029929266,0.25,0.3076923076923077,0.2692307692307692
Catechin gallate,L16,L,16,NA,20.5,NA,307242.01470588235,0.1131688822848547,68,0.04695215029929266,0.25,0.3076923076923077,0.2692307692307692
L-theanine,L15,L,15,70.568,20.2,3.4934653465346535,271823.6352941177,0.17570787697445014,85,0.16778860645031649,0.75,0.75,0.375
Gallic acid,L15,L,15,1.3322,20.2,0.06595049504950495,271823.6352941177,0.17570787697445014,85,0.16778860645031649,0.75,0.75,0.375
Gallocatechin,L15,L,15,22.199,20.2,1.0989603960396042,271823.6352941177,0.17570787697445014,85,0.16778860645031649,0.75,0.75,0.375
Theobromine,L15,L,15,4.7096,20.2,0.23314851485148516,271823.6352941177,0.17570787697445014,85,0.16778860645031649,0.75,0.75,0.375
Paraxanthine,L15,L,15,10.099,20.2,0.49995049504950495,271823.6352941177,0.17570787697445014,85,0.16778860645031649,0.75,0.75,0.375
Theophylline,L15,L,15,NA,20.2,NA,271823.6352941177,0.17570787697445014,85,0.16778860645031649,0.75,0.75,0.375
Catechin,L15,L,15,2.2817,20.2,0.11295544554455444,271823.6352941177,0.17570787697445014,85,0.16778860645031649,0.75,0.75,0.375
Epigallocatechin,L15,L,15,199.38,20.2,9.87029702970297,271823.6352941177,0.17570787697445014,85,0.16778860645031649,0.75,0.75,0.375
Caffeine,L15,L,15,302.2,20.2,14.96039603960396,271823.6352941177,0.17570787697445014,85,0.16778860645031649,0.75,0.75,0.375
Epigallocatechin gallate,L15,L,15,1050.7,20.2,52.01485148514852,271823.6352941177,0.17570787697445014,85,0.16778860645031649,0.75,0.75,0.375
Epicatechin,L15,L,15,103.88,20.2,5.142574257425743,271823.6352941177,0.17570787697445014,85,0.16778860645031649,0.75,0.75,0.375
Gallocatechin gallate,L15,L,15,8.9011,20.2,0.44064851485148515,271823.6352941177,0.17570787697445014,85,0.16778860645031649,0.75,0.75,0.375
Epicatechin gallate,L15,L,15,237.95,20.2,11.779702970297029,271823.6352941177,0.17570787697445014,85,0.16778860645031649,0.75,0.75,0.375
Catechin gallate,L15,L,15,NA,20.2,NA,271823.6352941177,0.17570787697445014,85,0.16778860645031649,0.75,0.75,0.375
L-theanine,L14,L,14,59.477,20.8,2.8594711538461537,219906.24,0.4705874698104429,50,NA,0.5,0.4375,0.375
Gallic acid,L14,L,14,2.2524,20.8,0.10828846153846154,219906.24,0.4705874698104429,50,NA,0.5,0.4375,0.375
Gallocatechin,L14,L,14,31.143,20.8,1.4972596153846154,219906.24,0.4705874698104429,50,NA,0.5,0.4375,0.375
Theobromine,L14,L,14,4.7104,20.8,0.22646153846153844,219906.24,0.4705874698104429,50,NA,0.5,0.4375,0.375
Paraxanthine,L14,L,14,10.099,20.8,0.48552884615384617,219906.24,0.4705874698104429,50,NA,0.5,0.4375,0.375
Theophylline,L14,L,14,NA,20.8,NA,219906.24,0.4705874698104429,50,NA,0.5,0.4375,0.375
Catechin,L14,L,14,2.8769,20.8,0.1383125,219906.24,0.4705874698104429,50,NA,0.5,0.4375,0.375
Epigallocatechin,L14,L,14,230.08,20.8,11.061538461538461,219906.24,0.4705874698104429,50,NA,0.5,0.4375,0.375
Caffeine,L14,L,14,404.08,20.8,19.426923076923075,219906.24,0.4705874698104429,50,NA,0.5,0.4375,0.375
Epigallocatechin gallate,L14,L,14,1174.7,20.8,56.47596153846154,219906.24,0.4705874698104429,50,NA,0.5,0.4375,0.375
Epicatechin,L14,L,14,125.23,20.8,6.020673076923077,219906.24,0.4705874698104429,50,NA,0.5,0.4375,0.375
Gallocatechin gallate,L14,L,14,5.8812,20.8,0.28275,219906.24,0.4705874698104429,50,NA,0.5,0.4375,0.375
Epicatechin gallate,L14,L,14,264.61,20.8,12.721634615384616,219906.24,0.4705874698104429,50,NA,0.5,0.4375,0.375
Catechin gallate,L14,L,14,NA,20.8,NA,219906.24,0.4705874698104429,50,NA,0.5,0.4375,0.375
L-theanine,L13,L,13,39.331,20,1.9665500000000002,279905.75641025644,0.0984988697736452,78,0.20571804140650674,0,0,0
Gallic acid,L13,L,13,1.6696,20,0.08348,279905.75641025644,0.0984988697736452,78,0.20571804140650674,0,0,0
Gallocatechin,L13,L,13,51.544,20,2.5772,279905.75641025644,0.0984988697736452,78,0.20571804140650674,0,0,0
Theobromine,L13,L,13,6.2373,20,0.311865,279905.75641025644,0.0984988697736452,78,0.20571804140650674,0,0,0
Paraxanthine,L13,L,13,10.099,20,0.50495,279905.75641025644,0.0984988697736452,78,0.20571804140650674,0,0,0
Theophylline,L13,L,13,NA,20,NA,279905.75641025644,0.0984988697736452,78,0.20571804140650674,0,0,0
Catechin,L13,L,13,9.1042,20,0.45521,279905.75641025644,0.0984988697736452,78,0.20571804140650674,0,0,0
Epigallocatechin,L13,L,13,311.08,20,15.553999999999998,279905.75641025644,0.0984988697736452,78,0.20571804140650674,0,0,0
Caffeine,L13,L,13,431.73,20,21.5865,279905.75641025644,0.0984988697736452,78,0.20571804140650674,0,0,0
Epigallocatechin gallate,L13,L,13,1323.6,20,66.17999999999999,279905.75641025644,0.0984988697736452,78,0.20571804140650674,0,0,0
Epicatechin,L13,L,13,186.15,20,9.307500000000001,279905.75641025644,0.0984988697736452,78,0.20571804140650674,0,0,0
Gallocatechin gallate,L13,L,13,9.9898,20,0.49949000000000005,279905.75641025644,0.0984988697736452,78,0.20571804140650674,0,0,0
Epicatechin gallate,L13,L,13,328.6,20,16.43,279905.75641025644,0.0984988697736452,78,0.20571804140650674,0,0,0
Catechin gallate,L13,L,13,NA,20,NA,279905.75641025644,0.0984988697736452,78,0.20571804140650674,0,0,0
L-theanine,L12,L,12,83.305,20.6,4.043932038834951,234578.3076923077,0.3554056415392103,13,NA,1,1,0.42105263157894735
Gallic acid,L12,L,12,1.0046,20.6,0.04876699029126213,234578.3076923077,0.3554056415392103,13,NA,1,1,0.42105263157894735
Gallocatechin,L12,L,12,33.034,20.6,1.6035922330097085,234578.3076923077,0.3554056415392103,13,NA,1,1,0.42105263157894735
Theobromine,L12,L,12,7.0575,20.6,0.34259708737864075,234578.3076923077,0.3554056415392103,13,NA,1,1,0.42105263157894735
Paraxanthine,L12,L,12,10.099,20.6,0.49024271844660194,234578.3076923077,0.3554056415392103,13,NA,1,1,0.42105263157894735
Theophylline,L12,L,12,NA,20.6,NA,234578.3076923077,0.3554056415392103,13,NA,1,1,0.42105263157894735
Catechin,L12,L,12,4.2569,20.6,0.20664563106796113,234578.3076923077,0.3554056415392103,13,NA,1,1,0.42105263157894735
Epigallocatechin,L12,L,12,224.97,20.6,10.920873786407766,234578.3076923077,0.3554056415392103,13,NA,1,1,0.42105263157894735
Caffeine,L12,L,12,372.51,20.6,18.083009708737862,234578.3076923077,0.3554056415392103,13,NA,1,1,0.42105263157894735
Epigallocatechin gallate,L12,L,12,1141.9,20.6,55.432038834951456,234578.3076923077,0.3554056415392103,13,NA,1,1,0.42105263157894735
Epicatechin,L12,L,12,125.24,20.6,6.079611650485436,234578.3076923077,0.3554056415392103,13,NA,1,1,0.42105263157894735
Gallocatechin gallate,L12,L,12,7.7491,20.6,0.37616990291262137,234578.3076923077,0.3554056415392103,13,NA,1,1,0.42105263157894735
Epicatechin gallate,L12,L,12,259.8,20.6,12.611650485436893,234578.3076923077,0.3554056415392103,13,NA,1,1,0.42105263157894735
Catechin gallate,L12,L,12,NA,20.6,NA,234578.3076923077,0.3554056415392103,13,NA,1,1,0.42105263157894735
L-theanine,L11,L,11,79.131,20.9,3.786172248803828,311273.037037037,0.3350125402557881,54,NA,0.75,0.75,0.25
Gallic acid,L11,L,11,1.9893,20.9,0.09518181818181819,311273.037037037,0.3350125402557881,54,NA,0.75,0.75,0.25
Gallocatechin,L11,L,11,33.776,20.9,1.6160765550239238,311273.037037037,0.3350125402557881,54,NA,0.75,0.75,0.25
Theobromine,L11,L,11,6.8243,20.9,0.3265215311004785,311273.037037037,0.3350125402557881,54,NA,0.75,0.75,0.25
Paraxanthine,L11,L,11,10.099,20.9,0.4832057416267943,311273.037037037,0.3350125402557881,54,NA,0.75,0.75,0.25
Theophylline,L11,L,11,NA,20.9,NA,311273.037037037,0.3350125402557881,54,NA,0.75,0.75,0.25
Catechin,L11,L,11,4.7437,20.9,0.2269712918660287,311273.037037037,0.3350125402557881,54,NA,0.75,0.75,0.25
Epigallocatechin,L11,L,11,239.74,20.9,11.470813397129188,311273.037037037,0.3350125402557881,54,NA,0.75,0.75,0.25
Caffeine,L11,L,11,590.1,20.9,28.234449760765553,311273.037037037,0.3350125402557881,54,NA,0.75,0.75,0.25
Epigallocatechin gallate,L11,L,11,1392.3,20.9,66.61722488038278,311273.037037037,0.3350125402557881,54,NA,0.75,0.75,0.25
Epicatechin,L11,L,11,126.65,20.9,6.059808612440192,311273.037037037,0.3350125402557881,54,NA,0.75,0.75,0.25
Gallocatechin gallate,L11,L,11,10.328,20.9,0.4941626794258373,311273.037037037,0.3350125402557881,54,NA,0.75,0.75,0.25
Epicatechin gallate,L11,L,11,313.36,20.9,14.9933014354067,311273.037037037,0.3350125402557881,54,NA,0.75,0.75,0.25
Catechin gallate,L11,L,11,NA,20.9,NA,311273.037037037,0.3350125402557881,54,NA,0.75,0.75,0.25
L-theanine,L10,L,10,57.928,20.9,2.7716746411483255,282345.9516129032,0.36314640003753956,62,NA,0.5,0.4,0.26666666666666666
Gallic acid,L10,L,10,2.063,20.9,0.09870813397129188,282345.9516129032,0.36314640003753956,62,NA,0.5,0.4,0.26666666666666666
Gallocatechin,L10,L,10,37.255,20.9,1.7825358851674644,282345.9516129032,0.36314640003753956,62,NA,0.5,0.4,0.26666666666666666
Theobromine,L10,L,10,6.5132,20.9,0.31163636363636366,282345.9516129032,0.36314640003753956,62,NA,0.5,0.4,0.26666666666666666
Paraxanthine,L10,L,10,10.099,20.9,0.4832057416267943,282345.9516129032,0.36314640003753956,62,NA,0.5,0.4,0.26666666666666666
Theophylline,L10,L,10,NA,20.9,NA,282345.9516129032,0.36314640003753956,62,NA,0.5,0.4,0.26666666666666666
Catechin,L10,L,10,6.0736,20.9,0.29060287081339714,282345.9516129032,0.36314640003753956,62,NA,0.5,0.4,0.26666666666666666
Epigallocatechin,L10,L,10,248.51,20.9,11.89043062200957,282345.9516129032,0.36314640003753956,62,NA,0.5,0.4,0.26666666666666666
Caffeine,L10,L,10,413.62,20.9,19.79043062200957,282345.9516129032,0.36314640003753956,62,NA,0.5,0.4,0.26666666666666666
Epigallocatechin gallate,L10,L,10,1159.2,20.9,55.46411483253589,282345.9516129032,0.36314640003753956,62,NA,0.5,0.4,0.26666666666666666
Epicatechin,L10,L,10,140.3,20.9,6.712918660287082,282345.9516129032,0.36314640003753956,62,NA,0.5,0.4,0.26666666666666666
Gallocatechin gallate,L10,L,10,7.6936,20.9,0.3681148325358852,282345.9516129032,0.36314640003753956,62,NA,0.5,0.4,0.26666666666666666
Epicatechin gallate,L10,L,10,282,20.9,13.492822966507179,282345.9516129032,0.36314640003753956,62,NA,0.5,0.4,0.26666666666666666
Catechin gallate,L10,L,10,NA,20.9,NA,282345.9516129032,0.36314640003753956,62,NA,0.5,0.4,0.26666666666666666
L-theanine,L9,L,9,53.09,20.5,2.5897560975609757,222484.89655172414,0.5787646864652737,58,NA,0.25,0.17647058823529413,0
Gallic acid,L9,L,9,1.0827,20.5,0.052814634146341466,222484.89655172414,0.5787646864652737,58,NA,0.25,0.17647058823529413,0
Gallocatechin,L9,L,9,46.826,20.5,2.2841951219512193,222484.89655172414,0.5787646864652737,58,NA,0.25,0.17647058823529413,0
Theobromine,L9,L,9,8.8124,20.5,0.42987317073170733,222484.89655172414,0.5787646864652737,58,NA,0.25,0.17647058823529413,0
Paraxanthine,L9,L,9,10.099,20.5,0.4926341463414634,222484.89655172414,0.5787646864652737,58,NA,0.25,0.17647058823529413,0
Theophylline,L9,L,9,NA,20.5,NA,222484.89655172414,0.5787646864652737,58,NA,0.25,0.17647058823529413,0
Catechin,L9,L,9,6.986,20.5,0.340780487804878,222484.89655172414,0.5787646864652737,58,NA,0.25,0.17647058823529413,0
Epigallocatechin,L9,L,9,255.02,20.5,12.440000000000001,222484.89655172414,0.5787646864652737,58,NA,0.25,0.17647058823529413,0
Caffeine,L9,L,9,450.8,20.5,21.990243902439026,222484.89655172414,0.5787646864652737,58,NA,0.25,0.17647058823529413,0
Epigallocatechin gallate,L9,L,9,1232.8,20.5,60.136585365853655,222484.89655172414,0.5787646864652737,58,NA,0.25,0.17647058823529413,0
Epicatechin,L9,L,9,153.67,20.5,7.496097560975609,222484.89655172414,0.5787646864652737,58,NA,0.25,0.17647058823529413,0
Gallocatechin gallate,L9,L,9,6.8966,20.5,0.33641951219512195,222484.89655172414,0.5787646864652737,58,NA,0.25,0.17647058823529413,0
Epicatechin gallate,L9,L,9,311.83,20.5,15.211219512195122,222484.89655172414,0.5787646864652737,58,NA,0.25,0.17647058823529413,0
Catechin gallate,L9,L,9,NA,20.5,NA,222484.89655172414,0.5787646864652737,58,NA,0.25,0.17647058823529413,0
L-theanine,L8,L,8,53.653,20.7,2.5919323671497585,183570.10714285713,0.4505134013452759,56,NA,1,1,0.30434782608695654
Gallic acid,L8,L,8,1.2087,20.7,0.05839130434782609,183570.10714285713,0.4505134013452759,56,NA,1,1,0.30434782608695654
Gallocatechin,L8,L,8,32.898,20.7,1.5892753623188407,183570.10714285713,0.4505134013452759,56,NA,1,1,0.30434782608695654
Theobromine,L8,L,8,7.594,20.7,0.36685990338164254,183570.10714285713,0.4505134013452759,56,NA,1,1,0.30434782608695654
Paraxanthine,L8,L,8,10.099,20.7,0.48787439613526573,183570.10714285713,0.4505134013452759,56,NA,1,1,0.30434782608695654
Theophylline,L8,L,8,NA,20.7,NA,183570.10714285713,0.4505134013452759,56,NA,1,1,0.30434782608695654
Catechin,L8,L,8,6.6489,20.7,0.32120289855072465,183570.10714285713,0.4505134013452759,56,NA,1,1,0.30434782608695654
Epigallocatechin,L8,L,8,209.64,20.7,10.127536231884058,183570.10714285713,0.4505134013452759,56,NA,1,1,0.30434782608695654
Caffeine,L8,L,8,417.63,20.7,20.17536231884058,183570.10714285713,0.4505134013452759,56,NA,1,1,0.30434782608695654
Epigallocatechin gallate,L8,L,8,957.69,20.7,46.265217391304354,183570.10714285713,0.4505134013452759,56,NA,1,1,0.30434782608695654
Epicatechin,L8,L,8,131.72,20.7,6.36328502415459,183570.10714285713,0.4505134013452759,56,NA,1,1,0.30434782608695654
Gallocatechin gallate,L8,L,8,7.0568,20.7,0.3409082125603865,183570.10714285713,0.4505134013452759,56,NA,1,1,0.30434782608695654
Epicatechin gallate,L8,L,8,254.03,20.7,12.271980676328504,183570.10714285713,0.4505134013452759,56,NA,1,1,0.30434782608695654
Catechin gallate,L8,L,8,NA,20.7,NA,183570.10714285713,0.4505134013452759,56,NA,1,1,0.30434782608695654
L-theanine,L7,L,7,30.882,20.2,1.5288118811881188,237387.0447761194,0.17833382989640345,67,NA,0,0,0
Gallic acid,L7,L,7,0.7934,20.2,0.03927722772277228,237387.0447761194,0.17833382989640345,67,NA,0,0,0
Gallocatechin,L7,L,7,46.999,20.2,2.326683168316832,237387.0447761194,0.17833382989640345,67,NA,0,0,0
Theobromine,L7,L,7,7.7977,20.2,0.38602475247524753,237387.0447761194,0.17833382989640345,67,NA,0,0,0
Paraxanthine,L7,L,7,10.099,20.2,0.49995049504950495,237387.0447761194,0.17833382989640345,67,NA,0,0,0
Theophylline,L7,L,7,NA,20.2,NA,237387.0447761194,0.17833382989640345,67,NA,0,0,0
Catechin,L7,L,7,8.5723,20.2,0.4243712871287129,237387.0447761194,0.17833382989640345,67,NA,0,0,0
Epigallocatechin,L7,L,7,268.97,20.2,13.315346534653466,237387.0447761194,0.17833382989640345,67,NA,0,0,0
Caffeine,L7,L,7,446.75,20.2,22.116336633663366,237387.0447761194,0.17833382989640345,67,NA,0,0,0
Epigallocatechin gallate,L7,L,7,1112.4,20.2,55.069306930693074,237387.0447761194,0.17833382989640345,67,NA,0,0,0
Epicatechin,L7,L,7,160.24,20.2,7.9326732673267335,237387.0447761194,0.17833382989640345,67,NA,0,0,0
Gallocatechin gallate,L7,L,7,7.6472,20.2,0.3785742574257426,237387.0447761194,0.17833382989640345,67,NA,0,0,0
Epicatechin gallate,L7,L,7,290.29,20.2,14.370792079207922,237387.0447761194,0.17833382989640345,67,NA,0,0,0
Catechin gallate,L7,L,7,NA,20.2,NA,237387.0447761194,0.17833382989640345,67,NA,0,0,0
L-theanine,L6,L,6,50.669,20.4,2.4837745098039217,303104.5294117647,0.2199591840479734,68,NA,0,0,0
Gallic acid,L6,L,6,NA,20.4,NA,303104.5294117647,0.2199591840479734,68,NA,0,0,0
Gallocatechin,L6,L,6,35.14,20.4,1.7225490196078432,303104.5294117647,0.2199591840479734,68,NA,0,0,0
Theobromine,L6,L,6,5.5895,20.4,0.27399509803921573,303104.5294117647,0.2199591840479734,68,NA,0,0,0
Paraxanthine,L6,L,6,10.099,20.4,0.4950490196078432,303104.5294117647,0.2199591840479734,68,NA,0,0,0
Theophylline,L6,L,6,NA,20.4,NA,303104.5294117647,0.2199591840479734,68,NA,0,0,0
Catechin,L6,L,6,5.0003,20.4,0.24511274509803924,303104.5294117647,0.2199591840479734,68,NA,0,0,0
Epigallocatechin,L6,L,6,218.18,20.4,10.695098039215686,303104.5294117647,0.2199591840479734,68,NA,0,0,0
Caffeine,L6,L,6,310.86,20.4,15.238235294117649,303104.5294117647,0.2199591840479734,68,NA,0,0,0
Epigallocatechin gallate,L6,L,6,1053.2,20.4,51.62745098039216,303104.5294117647,0.2199591840479734,68,NA,0,0,0
Epicatechin,L6,L,6,121.13,20.4,5.9377450980392155,303104.5294117647,0.2199591840479734,68,NA,0,0,0
Gallocatechin gallate,L6,L,6,10.502,20.4,0.5148039215686275,303104.5294117647,0.2199591840479734,68,NA,0,0,0
Epicatechin gallate,L6,L,6,254.08,20.4,12.454901960784316,303104.5294117647,0.2199591840479734,68,NA,0,0,0
Catechin gallate,L6,L,6,NA,20.4,NA,303104.5294117647,0.2199591840479734,68,NA,0,0,0
L-theanine,L5,L,5,47.393,20.5,2.3118536585365854,213781.8125,0.2242128972334186,80,NA,0.25,0.26666666666666666,0.2
Gallic acid,L5,L,5,0.334,20.5,0.01629268292682927,213781.8125,0.2242128972334186,80,NA,0.25,0.26666666666666666,0.2
Gallocatechin,L5,L,5,51.206,20.5,2.4978536585365854,213781.8125,0.2242128972334186,80,NA,0.25,0.26666666666666666,0.2
Theobromine,L5,L,5,7.6751,20.5,0.3743951219512195,213781.8125,0.2242128972334186,80,NA,0.25,0.26666666666666666,0.2
Paraxanthine,L5,L,5,10.099,20.5,0.4926341463414634,213781.8125,0.2242128972334186,80,NA,0.25,0.26666666666666666,0.2
Theophylline,L5,L,5,NA,20.5,NA,213781.8125,0.2242128972334186,80,NA,0.25,0.26666666666666666,0.2
Catechin,L5,L,5,7.7994,20.5,0.3804585365853659,213781.8125,0.2242128972334186,80,NA,0.25,0.26666666666666666,0.2
Epigallocatechin,L5,L,5,297.56,20.5,14.515121951219513,213781.8125,0.2242128972334186,80,NA,0.25,0.26666666666666666,0.2
Caffeine,L5,L,5,499.43,20.5,24.362439024390245,213781.8125,0.2242128972334186,80,NA,0.25,0.26666666666666666,0.2
Epigallocatechin gallate,L5,L,5,1281.8,20.5,62.52682926829268,213781.8125,0.2242128972334186,80,NA,0.25,0.26666666666666666,0.2
Epicatechin,L5,L,5,179.45,20.5,8.753658536585366,213781.8125,0.2242128972334186,80,NA,0.25,0.26666666666666666,0.2
Gallocatechin gallate,L5,L,5,11.38,20.5,0.5551219512195122,213781.8125,0.2242128972334186,80,NA,0.25,0.26666666666666666,0.2
Epicatechin gallate,L5,L,5,311.66,20.5,15.202926829268295,213781.8125,0.2242128972334186,80,NA,0.25,0.26666666666666666,0.2
Catechin gallate,L5,L,5,NA,20.5,NA,213781.8125,0.2242128972334186,80,NA,0.25,0.26666666666666666,0.2
L-theanine,L4,L,4,64.758,20.6,3.1435922330097084,237662.156626506,0.19768877409306956,83,NA,0,0,0
Gallic acid,L4,L,4,2.435,20.6,0.11820388349514563,237662.156626506,0.19768877409306956,83,NA,0,0,0
Gallocatechin,L4,L,4,58.287,20.6,2.8294660194174757,237662.156626506,0.19768877409306956,83,NA,0,0,0
Theobromine,L4,L,4,7.2931,20.6,0.3540339805825242,237662.156626506,0.19768877409306956,83,NA,0,0,0
Paraxanthine,L4,L,4,10.099,20.6,0.49024271844660194,237662.156626506,0.19768877409306956,83,NA,0,0,0
Theophylline,L4,L,4,NA,20.6,NA,237662.156626506,0.19768877409306956,83,NA,0,0,0
Catechin,L4,L,4,10.404,20.6,0.5050485436893204,237662.156626506,0.19768877409306956,83,NA,0,0,0
Epigallocatechin,L4,L,4,307.76,20.6,14.939805825242717,237662.156626506,0.19768877409306956,83,NA,0,0,0
Caffeine,L4,L,4,440.62,20.6,21.389320388349514,237662.156626506,0.19768877409306956,83,NA,0,0,0
Epigallocatechin gallate,L4,L,4,1181.8,20.6,57.36893203883495,237662.156626506,0.19768877409306956,83,NA,0,0,0
Epicatechin,L4,L,4,183.79,20.6,8.921844660194173,237662.156626506,0.19768877409306956,83,NA,0,0,0
Gallocatechin gallate,L4,L,4,5.4637,20.6,0.2652281553398058,237662.156626506,0.19768877409306956,83,NA,0,0,0
Epicatechin gallate,L4,L,4,293.62,20.6,14.253398058252426,237662.156626506,0.19768877409306956,83,NA,0,0,0
Catechin gallate,L4,L,4,NA,20.6,NA,237662.156626506,0.19768877409306956,83,NA,0,0,0
L-theanine,L3,L,3,35.563,20,1.7781500000000001,287688.51470588235,0.12703763125575063,68,NA,0.5,0.3684210526315789,0
Gallic acid,L3,L,3,2.4145,20,0.120725,287688.51470588235,0.12703763125575063,68,NA,0.5,0.3684210526315789,0
Gallocatechin,L3,L,3,49.812,20,2.4905999999999997,287688.51470588235,0.12703763125575063,68,NA,0.5,0.3684210526315789,0
Theobromine,L3,L,3,6.1944,20,0.30972,287688.51470588235,0.12703763125575063,68,NA,0.5,0.3684210526315789,0
Paraxanthine,L3,L,3,10.099,20,0.50495,287688.51470588235,0.12703763125575063,68,NA,0.5,0.3684210526315789,0
Theophylline,L3,L,3,NA,20,NA,287688.51470588235,0.12703763125575063,68,NA,0.5,0.3684210526315789,0
Catechin,L3,L,3,8.5891,20,0.42945500000000003,287688.51470588235,0.12703763125575063,68,NA,0.5,0.3684210526315789,0
Epigallocatechin,L3,L,3,306.58,20,15.328999999999999,287688.51470588235,0.12703763125575063,68,NA,0.5,0.3684210526315789,0
Caffeine,L3,L,3,578.57,20,28.928500000000003,287688.51470588235,0.12703763125575063,68,NA,0.5,0.3684210526315789,0
Epigallocatechin gallate,L3,L,3,1221.2,20,61.06,287688.51470588235,0.12703763125575063,68,NA,0.5,0.3684210526315789,0
Epicatechin,L3,L,3,182.09,20,9.1045,287688.51470588235,0.12703763125575063,68,NA,0.5,0.3684210526315789,0
Gallocatechin gallate,L3,L,3,9.7762,20,0.48880999999999997,287688.51470588235,0.12703763125575063,68,NA,0.5,0.3684210526315789,0
Epicatechin gallate,L3,L,3,294.34,20,14.716999999999999,287688.51470588235,0.12703763125575063,68,NA,0.5,0.3684210526315789,0
Catechin gallate,L3,L,3,NA,20,NA,287688.51470588235,0.12703763125575063,68,NA,0.5,0.3684210526315789,0
L-theanine,L2,L,2,76.899,20.6,3.7329611650485437,280598.5,0.29814689856767246,44,NA,0.75,0.75,0.3125
Gallic acid,L2,L,2,NA,20.6,NA,280598.5,0.29814689856767246,44,NA,0.75,0.75,0.3125
Gallocatechin,L2,L,2,43.954,20.6,2.1336893203883496,280598.5,0.29814689856767246,44,NA,0.75,0.75,0.3125
Theobromine,L2,L,2,9.4256,20.6,0.45755339805825235,280598.5,0.29814689856767246,44,NA,0.75,0.75,0.3125
Paraxanthine,L2,L,2,10.099,20.6,0.49024271844660194,280598.5,0.29814689856767246,44,NA,0.75,0.75,0.3125
Theophylline,L2,L,2,NA,20.6,NA,280598.5,0.29814689856767246,44,NA,0.75,0.75,0.3125
Catechin,L2,L,2,6.2736,20.6,0.30454368932038833,280598.5,0.29814689856767246,44,NA,0.75,0.75,0.3125
Epigallocatechin,L2,L,2,277.69,20.6,13.48009708737864,280598.5,0.29814689856767246,44,NA,0.75,0.75,0.3125
Caffeine,L2,L,2,591.54,20.6,28.71553398058252,280598.5,0.29814689856767246,44,NA,0.75,0.75,0.3125
Epigallocatechin gallate,L2,L,2,1246.6,20.6,60.51456310679611,280598.5,0.29814689856767246,44,NA,0.75,0.75,0.3125
Epicatechin,L2,L,2,159.48,20.6,7.741747572815533,280598.5,0.29814689856767246,44,NA,0.75,0.75,0.3125
Gallocatechin gallate,L2,L,2,9.5973,20.6,0.4658883495145631,280598.5,0.29814689856767246,44,NA,0.75,0.75,0.3125
Epicatechin gallate,L2,L,2,286.25,20.6,13.895631067961164,280598.5,0.29814689856767246,44,NA,0.75,0.75,0.3125
Catechin gallate,L2,L,2,NA,20.6,NA,280598.5,0.29814689856767246,44,NA,0.75,0.75,0.3125
